Fecha,Casos,Fallecidos,Pruebas,Recuperados,Hospitalizados
2020-03-03,0,0,0,0,0
2020-03-04,0,0,107,0,0
2020-03-05,1,0,155,0,0
2020-03-06,1,0,219,0,0
2020-03-07,1,0,219,0,0
2020-03-08,7,0,250,0,0
2020-03-09,9,0,318,0,0
2020-03-10,11,0,346,0,0
2020-03-11,17,0,656,0,0
2020-03-12,22,0,656,0,0
2020-03-13,38,0,656,0,0
2020-03-14,43,0,1232,0,0
2020-03-15,71,0,1822,0,0
2020-03-16,86,0,2315,0,0
2020-03-17,117,0,2797,0,0
2020-03-18,145,0,3075,0,0
2020-03-19,234,2,3841,0,0
2020-03-20,263,3,4298,0,0
2020-03-21,318,5,5185,0,0
2020-03-22,363,5,6184,0,0
2020-03-23,395,5,7013,0,0
2020-03-24,416,7,7486,0,0
2020-03-25,558,8,8040,0,0
2020-03-26,580,9,9219,0,0
2020-03-27,635,11,10065,0,0
2020-03-28,671,16,10896,0,0
2020-03-29,852,18,12669,0,0
2020-03-30,950,24,13452,0,0
2020-03-31,1065,30,14463,0,0
2020-04-01,1323,47,15587,0,0
2020-04-02,1414,55,16518,0,0
2020-04-03,1595,61,17334,0,0
2020-04-04,1746,73,17841,0,0
2020-04-05,2281,83,19410,989,0
2020-04-06,2561,92,20414,997,0
2020-04-07,2954,107,21555,1231,0
2020-04-08,4342,121,39599,1333,0
2020-04-09,5256,138,48465,1438,0
2020-04-10,5897,169,56681,1569,687
2020-04-11,6848,181,65712,1739,788
2020-04-12,7519,193,76506,1798,815
2020-04-13,9784,216,87116,2642,901
2020-04-14,10303,230,109385,2869,914
2020-04-15,11475,254,121468,3108,1113
2020-04-16,12491,274,121468,6120,1277
2020-04-17,13489,300,135895,6541,1219
2020-04-18,14420,348,143745,6684,1268
2020-04-19,15628,400,148011,6811,1349
2020-04-20,16325,445,155724,6968,1682
2020-04-21,17837,484,170400,6982,2419
2020-04-22,19250,530,185238,7027,2434
2020-04-23,20914,572,198349,7422,2786
2020-04-24,21648,634,218195,7496,3194
2020-04-25,25331,700,232747,7797,3532
2020-04-26,27517,728,232747,8088,3632
2020-04-27,28699,782,239563,8425,3968
2020-04-28,31190,854,267612,9179,4088
2020-04-29,33931,943,318252,10037,4289
2020-04-30,36976,1051,342498,10405,4978
2020-05-01,40459,1124,342498,11129,5287
2020-05-02,42534,1200,375096,12434,5098
2020-05-03,45928,1286,385492,13550,5281
2020-05-04,47372,1344,406579,14427,5435
2020-05-05,51189,1444,406579,15413,5509
2020-05-06,54817,1533,448020,17527,5729
2020-05-07,58526,1627,473190,18388,5980
2020-05-08,61847,1714,473190,19012,6155
2020-05-09,65015,1814,494250,20246,6220
2020-05-10,67307,1889,504930,21349,6601
2020-05-11,68822,1961,512869,22406,6648
2020-05-12,72059,2057,532169,23324,6862
2020-05-13,76306,2169,553302,24324,6979
2020-05-14,80604,2267,587292,25151,6941
2020-05-15,84495,2392,605383,27147,7085
2020-05-16,88541,2523,630482,28272,7275
2020-05-17,92273,2648,650613,28621,7408
2020-05-18,94933,2789,661132,30306,7509
2020-05-19,99483,2914,679582,36524,7526
2020-05-20,104020,3024,715423,41968,7533
2020-05-21,108769,3148,736500,43597,7455
2020-05-22,111698,3244,750526,44848,7545
2020-05-23,115745,3373,788341,47915,7674
2020-05-24,119959,3456,820967,49795,7779
2020-05-25,123979,3629,840922,50949,8097
2020-05-26,129751,3788,875721,52906,8207
2020-05-27,135905,3983,905278,56169,8267
2020-05-28,141779,4099,928797,59442,8395
2020-05-29,148285,4230,963617,62791,8433
2020-05-30,155671,4371,1012708,66447,8465
2020-05-31,164476,4506,1058874,67208,8882
2020-06-01,170039,4634,1076659,68507,8868
2020-06-02,174884,4767,1092646,69257,8930
2020-06-03,178914,4894,1115615,72319,10101
2020-06-04,183198,5031,1135831,76228,9063
2020-06-05,187400,5162,1154468,79214,9198
2020-06-06,191758,5301,1173003,82731,9500
2020-06-07,196515,5465,1191956,86219,9583
2020-06-08,199696,5571,1203985,89556,9661
2020-06-09,203736,5738,1227691,92929,9903
2020-06-10,208823,5903,1255756,98031,9916
2020-06-11,214788,6109,1282478,102429,10026
2020-06-12,220749,6308,1315417,107133,10121
2020-06-13,225132,6498,1338477,111724,10342
2020-06-14,229736,6688,1360839,115579,10297
2020-06-15,232992,6860,1376478,119409,10295
2020-06-16,237156,7056,1396605,125205,10177
2020-06-17,240908,7257,1417911,128622,10204
2020-06-18,244388,7461,1439767,131190,10240
2020-06-19,247925,7660,1461266,135520,10445
2020-06-20,251338,7861,1482563,138763,10577
2020-06-21,254936,8045,1504209,141967,10566
2020-06-22,257447,8223,1517930,145320,10714
2020-06-23,260810,8404,1539746,148437,10588
2020-06-24,264689,8586,1561653,151589,10599
2020-06-25,268602,8761,1583605,156074,10587
2020-06-26,272364,8939,1604521,159806,10964
2020-06-27,275989,9135,1625135,164024,10762
2020-06-28,279419,9317,1645112,167998,10861
2020-06-29,282365,9504,1661324,171159,11000
2020-06-30,285213,9677,1679386,174535,11049
2020-07-01,288477,9860,1699369,178245,11108
2020-07-02,292004,10045,1720261,182097,11179
2020-07-03,295599,10226,1740969,185852,11131
2020-07-04,299080,10412,1761910,189621,11273
2020-07-05,302718,10589,1782846,193957,11302
2020-07-06,305703,10772,1800690,197619,11399
2020-07-07,309278,10952,1821328,200938,11646
2020-07-08,312911,11133,1842316,204748,11626
2020-07-09,316448,11314,1863278,207802,11770
2020-07-10,319646,11500,1883326,210638,11894
2020-07-11,322710,11682,1904242,214152,11932
2020-07-12,326326,11870,1925231,217111,11723
2020-07-13,330123,12054,1943679,221008,11897
2020-07-14,333867,12229,1963921,223261,11962
2020-07-15,337724,12417,1983932,226400,12048
2020-07-16,341586,12615,2003963,230994,12396
2020-07-17,345537,12799,2023996,233982,12539
2020-07-18,349500,12998,2042218,238086,12210
2020-07-19,353590,13187,2063240,241955,12309
2020-07-20,357681,13384,2084311,245081,12772
2020-07-21,362087,13579,2109202,248746,12747
2020-07-22,366550,17455,2133775,252246,12821
2020-07-23,371096,17654,2158770,255945,12985
2020-07-24,375961,17843,2183763,259423,12920
2020-07-25,379884,18030,2206105,263130,13043
2020-07-26,384797,18229,2230247,267850,13304
2020-07-27,389717,18418,2250256,272547,13450
2020-07-28,395005,18612,2270717,276452,13408
2020-07-29,400683,18816,2293612,280044,13491
2020-07-30,407492,19021,2318254,283915,13438
2020-07-31,414735,19217,2348396,287127,13577
2020-08-01,422183,19408,2377948,290835,13700
2020-08-02,428850,19614,2404046,294187,13743
2020-08-03,433100,19811,2417857,298091,13772
2020-08-04,439890,20007,2440184,302457,13798
2020-08-05,447624,20228,2466745,306430,13751
2020-08-06,455409,20424,2493429,310337,13659
2020-08-07,463875,20649,2522993,314332,13820
2020-08-08,471012,20844,2548439,319171,13680
2020-08-09,478024,21072,2573691,324040,13768
2020-08-10,483133,21276,2590078,329404,13808
2020-08-11,489680,21501,2612599,335756,13775
2020-08-12,498555,21713,2643464,341938,13823
2020-08-13,507996,25648,2677014,348006,13987
2020-08-14,516296,25856,2705122,354232,14175
2020-08-15,525803,26075,2738229,359781,13947
2020-08-16,535946,26281,2773412,365367,14074
2020-08-17,541493,26481,2793614,370717,14181
2020-08-18,549321,26658,2818943,374019,14092
2020-08-19,558420,26834,2852011,377453,13888
2020-08-20,567059,27034,2883862,380730,13779
2020-08-21,576067,27245,2915372,384908,13773
2020-08-22,585236,27453,2950589,391144,13661
2020-08-23,594326,27663,2985782,399357,13363
2020-08-24,600438,27813,3006993,407301,13367
2020-08-25,607382,28001,3032744,414577,12950
2020-08-26,613378,28124,3055850,421877,13051
2020-08-27,621997,28277,3089459,429662,12871
2020-08-28,629961,28471,3124076,438017,12595
2020-08-29,639435,28607,3156679,446675,12537
2020-08-30,647166,28788,3191850,455457,12364
2020-08-31,652037,28944,3215842,462329,12374
2020-09-01,657129,29068,3233034,471599,12162
2020-09-02,663437,29259,3256711,480177,11830
2020-09-03,670145,29405,3286526,489886,11699
2020-09-04,676848,29554,3320012,498523,11411
2020-09-05,683702,29687,3353435,506422,11362
2020-09-06,689977,29838,3379580,515039,11327
2020-09-07,691575,29976,3386625,522251,11242
2020-09-08,696190,30123,3403397,529751,11087
2020-09-09,702776,30236,3428910,536959,10727
2020-09-10,710067,30344,3457205,544745,10641
2020-09-11,716670,30470,3482894,552412,10490
2020-09-12,722832,30593,3509997,559321,10251
2020-09-13,729619,30710,3534937,566796,10122
2020-09-14,733860,30812,3552710,573364,10002
2020-09-15,738020,30927,3567927,580753,9962
2020-09-16,744400,31051,3592221,587717,9749
2020-09-17,750098,31146,3614738,594513,9524
2020-09-18,756412,31283,3640863,600795,9400
2020-09-19,762865,31369,3667968,607837,9269
2020-09-20,768895,31555,3693813,615255,9156
2020-09-21,772896,31660,3710694,622418,9087
2020-09-22,776546,31772,3724872,629094,8520
2020-09-23,782695,31870,3751583,636489,8691
2020-09-24,788930,31938,3778648,644345,8594
2020-09-25,794584,32037,3804340,650948,8397
2020-09-26,800142,32142,3827824,657836,8282
2020-09-27,805302,32262,3850122,664490,8054
2020-09-28,808714,32324,3865360,670989,8054
2020-09-29,811768,32396,3878323,676925,7911
2020-09-30,814829,32463,3892353,683815,7609
2020-10-01,818297,32535,3908125,690528,7511
2020-10-02,821564,32609,3922567,695645,7383
2020-10-03,824985,32665,3939873,700868,7222
2020-10-04,828169,32742,3952298,706223,7074
2020-10-05,829999,32834,3961345,712888,6983
2020-10-06,832929,32914,3975007,718065,6831
2020-10-07,835662,33009,3988070,723606,6735
2020-10-08,838614,33098,4003363,728216,6647
2020-10-09,843355,33158,4027591,733000,6544
2020-10-10,846088,33223,4050681,738189,6334
2020-10-11,849371,33305,4077357,743969,6291
2020-10-12,851171,33357,4092566,748097,6272
2020-10-13,853974,33419,4111951,753959,6274
2020-10-14,856951,33512,4135223,759597,6237
2020-10-15,859740,33577,4158359,764750,6222
2020-10-16,862417,33648,4181976,769077,6172
2020-10-17,865549,33702,4206371,774356,5940
2020-10-18,868675,33759,4230353,779779,5938
2020-10-19,870876,33820,4249458,784056,6010
2020-10-20,874118,33875,4270800,788494,5842
2020-10-21,876885,33937,4293748,792892,5743
2020-10-22,879876,33984,4316879,796719,5656
2020-10-23,883116,34033,4343547,800480,5697
2020-10-24,886214,34095,4367969,803846,5520
2020-10-25,888715,34149,4390402,807636,5492
2020-10-26,890574,34197,4407293,810995,5615
2020-10-27,892497,34257,4427751,814204,5595
2020-10-28,894928,34315,4449985,816688,5593
2020-10-29,897594,34362,4473483,819717,5419
2020-10-30,900180,34411,4489872,822316,5411
2020-10-31,902503,34476,4517584,825197,5411
2020-11-01,904911,34529,4537540,827613,5270
2020-11-02,906545,34585,4551185,830612,5255
2020-11-03,908902,34623,4568349,832929,5204
2020-11-04,911787,34671,4591407,835694,5287
2020-11-05,914722,34730,4611380,838265,5212
2020-11-06,917503,34783,4635248,838783,5154
2020-11-07,920010,34840,4655418,843600,5109
2020-11-08,922333,34879,4674263,846215,5069
2020-11-09,923527,34943,4684817,848346,5016
2020-11-10,925431,34992,4700489,850670,4965
2020-11-11,928006,35031,4721179,853208,4912
2020-11-12,930237,35067,4740666,856023,4929
2020-11-13,932650,35106,4761540,858388,4929
2020-11-14,934899,35177,4784978,861017,5034
2020-11-15,937011,35231,4802591,863120,4818
2020-11-16,938268,35271,4815828,865348,4835
2020-11-17,939931,35317,4831147,867306,4842
2020-11-18,941951,35402,4852474,869165,4788
2020-11-19,943917,35446,4874713,871534,4705
2020-11-20,946087,35484,4896839,873970,4576
2020-11-21,948081,35549,4916164,876399,4414
2020-11-22,949670,35595,4935037,879439,4500
2020-11-23,950557,35641,4945165,880645,4467
2020-11-24,952439,35685,4961493,882600,4408
2020-11-25,954459,35727,4982778,884747,4278
2020-11-26,956347,35785,4999956,887019,4212
2020-11-27,958324,35839,5019608,888815,4159
2020-11-28,960368,35879,5039956,891004,4412
2020-11-29,962530,35923,5059179,893061,4080
2020-11-30,963605,35966,5069698,894741,4056
2020-12-01,965228,36031,5085775,896978,4022
2020-12-02,967075,36076,5103401,899213,4008
2020-12-03,968846,36104,5119245,901544,3945
2020-12-04,970860,36195,5136390,903958,3768
2020-12-05,972688,36231,5154919,905696,3772
2020-12-06,973912,36274,5167466,907654,3841
2020-12-07,975116,36324,5179331,909389,3814
2020-12-08,976621,36401,5195499,911113,3705
2020-12-09,977312,36455,5204299,912501,3789
2020-12-10,979111,36499,5217086,914600,3817
2020-12-11,980943,36544,5232485,916249,3737
2020-12-12,983045,36609,5248832,916335,3836
2020-12-13,984973,36677,5264455,918352,3891
2020-12-14,986130,36754,5273241,920306,3871
2020-12-15,987675,36817,5284292,922314,3906
2020-12-16,989457,36858,5301184,924120,3909
2020-12-17,991518,36901,5318292,925893,4030
2020-12-18,993760,36969,5345801,928219,4021
2020-12-19,995899,37034,5361432,930410,3961
2020-12-20,997517,37103,5374886,932295,4100
2020-12-21,998475,37173,5383267,934329,4091
2020-12-22,1000153,37218,5397861,936182,4209
2020-12-23,1002263,37273,5416226,938341,4171
2020-12-24,1003982,37317,5433168,940040,4260
2020-12-25,1005546,37368,5446927,941668,4171
2020-12-26,1006318,37414,5453091,943637,4177
2020-12-27,1007657,37474,5463577,945603,4239
2020-12-28,1008908,37525,5473555,947427,4479
2020-12-29,1010496,37574,5486007,949391,4636
2020-12-30,1012614,37621,5502884,951318,4838
2020-12-31,1015137,37680,5522513,953175,4948
2021-01-01,1017199,37724,5537730,954982,5223
2021-01-02,1018099,37773,5543366,956800,5389
2021-01-03,1019475,37830,5555591,958682,5452
2021-01-04,1021058,37873,5567797,960703,5266
2021-01-05,1022018,37925,5581668,960896,5449
2021-01-06,1024432,37991,5601619,962566,5454
2021-01-07,1026690,38049,5616880,964354,5628
2021-01-08,1029471,38145,5631415,966447,5878
2021-01-09,1032275,38213,5651113,968355,6269
2021-01-10,1035184,38280,5667879,969863,6666
2021-01-11,1037350,38335,5681038,970916,6869
2021-01-12,1040231,38399,5697183,971000,6936
2021-01-13,1043640,38473,5732537,973374,7500
2021-01-14,1048662,38564,5767641,976202,7812
2021-01-15,1056023,38654,5815670,978072,8032
2021-01-16,1060567,38770,5844283,980000,8182
2021-01-17,1064909,38871,5876017,982111,8614
2021-01-18,1068802,38931,5901809,984726,8673
2021-01-19,1073214,39044,5928005,989367,8943
2021-01-20,1078675,39157,5958860,993509,9357
2021-01-21,1082907,39274,5989114,997285,9600
2021-01-22,1088096,39427,6028030,1002516,9883
2021-01-23,1093938,39608,6060702,1007748,10998
2021-01-24,1099013,39777,6093440,1012450,11258
2021-01-25,1102795,39887,6113359,1017544,11231
2021-01-26,1107239,40107,6142221,1022736,11178
2021-01-27,1113970,40272,6176497,1028120,11384
2021-01-28,1119685,40484,6213099,1033357,11475
2021-01-29,1125875,40686,6250392,1039619,11512
2021-01-30,1133022,40857,6300181,1045854,11715
2021-01-31,1138239,41026,6333674,1052050,11962
2021-02-01,1142716,41181,6354240,1057145,12376
2021-02-02,1149764,41354,6395019,1062850,13472
2021-02-03,1158337,41538,6440564,1069129,13194
2021-02-04,1165052,41753,6491121,1076446,13501
2021-02-05,1173045,41933,6533783,1086643,13493
2021-02-06,1180478,42121,6581216,1089040,13086
2021-02-07,1186698,42308,6608063,1094573,13353
2021-02-08,1191221,42467,6636133,1100053,13784
2021-02-09,1196778,42626,6667246,1111496,13828
2021-02-10,1203502,42859,6707787,1117729,13539
2021-02-11,1212309,43045,6767793,1124236,14120
2021-02-12,1220748,43255,6825553,1130923,14333
2021-02-13,1227205,43491,6879425,1137412,14222
2021-02-14,1235298,43703,6927747,1144108,14230
2021-02-15,1238501,43880,6950735,1149367,14487
2021-02-16,1244729,44056,6993146,1155956,14438
2021-02-17,1252137,44308,7050280,1156408,14646
2021-02-18,1261804,44489,7109157,1163153,14414
2021-02-19,1269523,44690,7162772,1169648,14534
2021-02-20,1275899,44877,7214178,1176128,14693
2021-02-21,1283309,45097,7259287,1183238,14762
2021-02-22,1286757,45263,7281747,1188995,14639
2021-02-23,1293497,45487,7332078,1196515,14951
2021-02-24,1300799,45683,7381274,1204050,15053
2021-02-25,1308722,45903,7435218,1210749,14665
2021-02-26,1316363,46094,7489096,1218409,14492
2021-02-27,1323863,46299,7541959,1225994,14735
2021-02-28,1329805,46494,7584699,1232528,15111
2021-03-01,1332939,46685,7604514,1236668,15040
2021-03-02,1338297,46894,7648496,1244029,15221
2021-03-03,1344969,47089,7701919,1250047,15301
2021-03-04,1349847,47306,7757176,1255642,14839
2021-03-05,1358294,47491,7812832,1262722,14793
2021-03-06,1364964,47681,7868298,1269365,14930
2021-03-07,1371176,47854,7917284,1276245,14353
2021-03-08,1374467,47973,7940435,1282228,14960
2021-03-09,1380023,48163,7986252,1288067,14854
2021-03-10,1387457,48323,8046193,1294623,14941
2021-03-11,1394571,48484,8105930,1301439,14755
2021-03-12,1402610,48664,8172738,1308175,14610
2021-03-13,1407963,48841,8234401,1313763,14016
2021-03-14,1412406,49003,8284625,1322685,14713
2021-03-15,1418974,49177,8329451,1329788,14506
2021-03-16,1427064,49330,8395433,1338478,14467
2021-03-17,1435598,49523,8466183,1347160,14832
2021-03-18,1443521,49706,8529823,1355792,14983
2021-03-19,1451645,49897,8592274,1364556,15173
2021-03-20,1460779,50085,8659841,1373178,14952
2021-03-21,1466326,50198,8711797,1381318,14885
2021-03-22,1472790,50339,8748899,1388554,14965
2021-03-23,1481259,50474,8810146,1397341,15248
2021-03-24,1492519,50656,8881594,1406304,15229
2021-03-25,1500465,50831,8950031,1414106,15112
2021-03-26,1512384,51032,9014018,1423259,15372
2021-03-27,1520973,51238,9089474,1432450,15422
2021-03-28,1529882,51469,9160551,1442405,15130
2021-03-29,1533121,51635,9190114,1451112,15497
2021-03-30,1540077,51801,9243545,1459886,15500
2021-03-31,1548807,52008,9314947,1468457,15682
2021-04-01,1561723,52161,9394499,1476782,13514
2021-04-02,1568345,52331,9445356,1485582,13581
2021-04-03,1573961,52625,9483230,1492052,13357
2021-04-04,1582367,52877,9538127,1500582,13561
2021-04-05,1590209,53138,9579440,1509493,13650
2021-04-06,1598593,53411,9641031,1518776,14066
2021-04-07,1607898,53725,9709043,1527112,13823
2021-04-08,1617864,53978,9790744,1537085,13622
2021-04-09,1628519,54285,9876422,1547807,14199
2021-04-10,1639767,54669,9945732,1557779,14943
2021-04-11,1647694,54903,10001832,1566543,14512
2021-04-12,1653320,55230,10026470,1575242,15238
2021-04-13,1659707,55489,10086002,1584425,15183
2021-04-14,1667737,55812,10158843,1592937,15074
2021-04-15,1681063,56149,10226394,1602034,15119
2021-04-16,1689051,56454,10295559,1610563,14976
2021-04-17,1697626,56797,10374315,1619680,15129
2021-04-18,1704757,57230,10435441,1627969,14747
2021-04-19,1707787,57537,10461475,1636286,14752
2021-04-20,1719088,57954,10524419,1645100,15547
2021-04-21,1726806,58261,10582462,1653411,15440
2021-04-22,1734606,58604,10650847,1661792,15301
2021-04-23,1745655,59012,10723364,1670805,15239
2021-04-24,1754150,59440,10798298,1679099,15258
2021-04-25,1761575,59724,10862019,1688091,14912
2021-04-26,1768186,60013,10899191,1714995,15104
2021-04-27,1775062,60416,10964758,1721922,15211
2021-04-28,1783339,60742,11037602,1728662,15111
2021-04-29,1791998,61101,11096385,1736183,15206
2021-04-30,1799445,61477,11169530,1741861,14701
2021-05-01,1804915,61789,11225924,1748170,14795
2021-05-02,1810998,62126,11269734,1754905,14630
2021-05-03,1814127,62375,11293108,1761205,14580
2021-05-04,1818689,62674,11348411,1766872,14420
2021-05-05,1824457,62976,11411358,1773490,14228
2021-05-06,1832671,63223,11483598,1780221,14243
2021-05-07,1839465,63519,11555688,1786855,14391
2021-05-08,1845056,63826,11624047,1793390,14006
2021-05-09,1850290,64103,11682182,1798844,13980
2021-05-10,1853370,64373,11705258,1803054,13710
2021-05-11,1858239,64691,11761084,1807842,13660
2021-05-12,1865639,64898,11832582,1812900,13468
2021-05-13,1873316,65316,11901521,1818686,13316
2021-05-14,1879049,65608,11972376,1824406,13407
2021-05-15,1884596,65911,12034432,1829976,13188
2021-05-16,1889052,66220,12091820,1834372,12747
2021-05-17,1893334,66471,12118928,1838647,13079
2021-05-18,1897900,66770,12173032,1843333,12569
2021-05-19,1903615,67034,12240660,1847981,12415
2021-05-20,1910360,67253,12306614,1852686,12350
2021-05-21,1915566,67569,12370803,1858421,12102
2021-05-22,1920851,67807,12432321,1864045,12522
2021-05-23,1925289,68053,12482876,1869538,12515
2021-05-24,1926923,68358,12506500,1875256,12204
2021-05-25,1932255,68470,12554299,1881421,12014
2021-05-26,1937245,68634,12614761,1887133,12317
2021-05-27,1942054,68816,12675765,1892794,12201
2021-05-28,1947555,68978,12733231,1897522,12147
2021-05-29,1951651,69202,12790076,1901998,11973
2021-05-30,1955469,69342,12839497,1905433,11988
2021-05-31,1955746,184269,12862534,1905433,11572
2021-06-01,1961087,184507,12911851,1914169,11375
2021-06-02,1965432,184942,12969305,1918756,11190
2021-06-03,1968693,185380,13025140,1923309,11073
2021-06-04,1976166,185813,13076134,1929264,11213
2021-06-05,1980391,186073,13132238,1931773,11338
2021-06-06,1983570,186511,13173460,1936147,11307
2021-06-07,1984999,186757,13188675,1940723,10905
2021-06-08,1987933,187157,13230098,1944122,11007
2021-06-09,1991203,187479,13274284,1947432,10989
2021-06-10,1995257,187847,13325242,1952027,10591
2021-06-11,1998056,188100,13371116,1955350,10812
2021-06-12,2001059,188443,13418289,1958674,10711
2021-06-13,2003625,188708,13454594,1962124,10534
2021-06-14,2004252,188921,13471110,1965273,10676
2021-06-15,2007477,189261,13510063,1968723,10438
2021-06-16,2015190,189522,13564562,1972066,10348
2021-06-17,2019716,189757,13620937,1975840,10051
2021-06-18,2023179,189933,13673551,1979376,10167
2021-06-19,2026729,190202,13730352,1982916,10052
2021-06-20,2029625,190425,13773500,1986250,9925
2021-06-21,2030611,190645,13791063,1988382,9949
2021-06-22,2033606,190906,13836430,1991807,9702
2021-06-23,2036449,191073,13886987,1994330,9702
2021-06-24,2040186,191286,13939292,1997830,9437
2021-06-25,2043262,191447,13992580,2001357,9410
2021-06-26,2046057,191584,14042806,2004860,9574
2021-06-27,2048115,191899,14084148,2007201,8644
2021-06-28,2049567,192163,14102037,2009365,9419
2021-06-29,2052065,192331,14146986,2012397,9202
2021-06-30,2054475,192367,14176553,2014693,8998
2021-07-01,2057554,192687,14224136,2017664,8889
2021-07-02,2060344,192902,14276475,2021017,8805
2021-07-03,2063112,193069,14331473,2023847,7786
2021-07-04,2065113,193230,14373931,2026122,8647
2021-07-05,2066677,193389,14392964,2027878,9086
2021-07-06,2069051,193588,14437212,2030251,8619
2021-07-07,2071637,193743,14486350,2032613,8565
2021-07-08,2074186,193909,14540713,2035017,8396
2021-07-09,2076530,194084,14596948,2037391,8337
2021-07-10,2078815,194249,14642569,2039864,8237
2021-07-11,2080777,194387,14689572,2042675,8371
2021-07-12,2081557,194488,14712510,2045506,8354
2021-07-13,2083567,194606,14760685,2047805,8175
2021-07-14,2085883,194752,14815619,2050138,8154
2021-07-15,2088143,194845,14869121,2052427,8106
2021-07-16,2090175,194935,14917790,2054757,7966
2021-07-17,2092125,195047,14967701,2056952,7981
2021-07-18,2093754,195146,15011901,2059102,8000
2021-07-19,2094445,195243,15032458,2060255,7982
2021-07-20,2096013,195332,15073218,2061951,6892
2021-07-21,2097811,195429,15122721,2063637,7032
2021-07-22,2099522,195547,15169438,2065100,6811
2021-07-23,2101139,195696,15221108,2066827,6045
2021-07-24,2102904,195795,15272816,2068499,6092
2021-07-25,2104394,195890,15315895,2070180,5894
2021-07-26,2105005,195973,15337567,2070810,5858
2021-07-27,2106371,196058,15380675,2072564,5890
2021-07-28,2107873,196138,15432556,2074252,5956
2021-07-29,2108595,196214,15457306,2075361,5529
2021-07-30,2109294,196291,15476472,2076153,5562
2021-07-31,2111393,196353,15515297,2078316,5378
2021-08-01,2113201,196438,15552222,2080424,5386
2021-08-02,2114445,196518,15573179,2081755,5573
2021-08-03,2116652,196598,15617865,2083747,5126
2021-08-04,2119068,196673,15669595,2086086,4861
2021-08-05,2121061,196760,15715737,2088338,4832
2021-08-06,2122557,196818,15762783,2090073,4759
2021-08-07,2124128,196873,15807736,2091714,4777
2021-08-08,2125345,196950,15843728,2092807,4656
2021-08-09,2125848,197029,15861011,2093397,4697
2021-08-10,2127034,197102,15898568,2094583,4671
2021-08-11,2128516,197146,15948211,2096259,4624
2021-08-12,2130018,197209,15996274,2097895,4525
2021-08-13,2131337,197279,16047113,2099547,4649
2021-08-14,2132834,197340,16093186,2101317,4652
2021-08-15,2133812,197393,16129668,2102456,4692
2021-08-16,2134365,197487,16145785,2103046,4733
2021-08-17,2135827,197539,16186164,2104713,4725
2021-08-18,2137295,197659,16235798,2106384,4697
2021-08-19,2138666,197716,16284168,2108080,4712
2021-08-20,2140062,197752,16332153,2109764,4709
2021-08-21,2141235,197818,16383337,2110914,4649
2021-08-22,2142153,197879,16425523,2112051,4677
2021-08-23,2142565,197921,16442717,2112623,4648
2021-08-24,2143691,197944,16484068,2113729,4495
2021-08-25,2145051,198031,16535979,2115377,4431
2021-08-26,2146169,198064,16586657,2117653,4323
2021-08-27,2147285,198115,16634746,2118869,4255
2021-08-28,2148419,198167,16682090,2120052,4195
2021-08-29,2149227,198209,16713707,2121161,4073
2021-08-30,2149591,198263,16733426,2121725,4076
2021-08-31,2150006,198295,16752029,2122295,3997
2021-09-01,2151010,198329,16793799,2123485,3805
2021-09-02,2152118,198364,16840906,2124640,3760
2021-09-03,2153092,198420,16886394,2125829,3724
2021-09-04,2154132,198447,16930834,2126976,3720
2021-09-05,2155034,198488,16968090,2128036,3700
2021-09-06,2155508,198523,16988123,2128618,3760
2021-09-07,2156451,198568,17026824,2129849,3685
2021-09-08,2157536,198595,17072143,2130963,3619
2021-09-09,2158493,198621,17110053,2132097,3691
2021-09-10,2159306,198673,17146903,2133238,3657
2021-09-11,2160327,198728,17191030,2134334,3623
2021-09-12,2161086,198764,17230320,2134964,3664
2021-09-13,2161358,198799,17248413,2135299,3685
2021-09-14,2162294,198840,17285788,2136477,3629
2021-09-15,2163312,198860,17331083,2137639,3720
2021-09-16,2164380,198891,17377197,2138802,3716
2021-09-17,2165533,198948,17421539,2140030,3677
2021-09-18,2166419,198976,17463391,2140971,3677
2021-09-19,2167008,199006,17500824,2141873,3656
2021-09-20,2167652,199036,17521739,2142542,3687
2021-09-21,2168431,199060,17556028,2143388,3745
2021-09-22,2169427,199108,17599779,2144784,3669
2021-09-23,2170475,199156,17643188,2145914,3655
2021-09-24,2171374,199182,17688400,2147047,3731
2021-09-25,2172261,199228,17728752,2148083,3799
2021-09-26,2173034,199292,17765463,2148852,3758
2021-09-27,2173354,199314,17782096,2149251,3820
2021-09-28,2174219,199329,17817252,2150396,3796
2021-09-29,2175305,199367,17861932,2151555,3775
2021-09-30,2176321,199395,17904999,2152700,3854
2021-10-01,2177283,199423,17950693,2153853,3824
2021-10-02,2178147,199457,17991471,2154772,3906
2021-10-03,2178939,199485,18031837,2155636,3862
2021-10-04,2179316,199502,18051310,2156023,3883
2021-10-05,2180149,199520,18088014,2157065,3854
2021-10-06,2181183,199559,18132280,2158242,3848
2021-10-07,2182106,199581,18173294,2159239,3818
2021-10-08,2183025,199615,18218057,2160221,3850
2021-10-09,2183589,199641,18241022,2160784,3348
2021-10-10,2184264,199672,18273305,2161439,3301
2021-10-11,2184676,199703,18289317,2161893,3342
2021-10-12,2185355,199727,18324467,2162620,3326
2021-10-13,2186246,199746,18367317,2163578,3334
2021-10-14,2187368,199775,18412077,2164746,3327
2021-10-15,2188351,199792,18458015,2165822,3201
2021-10-16,2189165,199816,18501179,2166743,3265
2021-10-17,2190009,199843,18538550,2167606,3226
2021-10-18,2190396,199882,18558389,2168056,3245
2021-10-19,2191171,199928,18594953,2168991,3299
2021-10-20,2192205,199945,18640751,2170168,3345
2021-10-21,2193089,199978,18683017,2171196,3285
2021-10-22,2194132,200003,18728727,2172319,3383
2021-10-23,2195101,200019,18771607,2173324,3292
2021-10-24,2195859,200052,18811869,2174106,3266
2021-10-25,2196259,200083,18833282,2174561,3313
2021-10-26,2197052,200118,18867422,2175510,3289
2021-10-27,2198038,200149,18910768,2176645,3229
2021-10-28,2199036,200179,18955153,2177657,3212
2021-10-29,2199876,200197,18999051,2178596,3164
2021-10-30,2200908,200217,19043600,2179725,3118
2021-10-31,2201796,200246,19087167,2180599,3135
2021-11-01,2202189,200276,19107779,2181044,3125
2021-11-02,2202671,200300,19127782,2181588,3064
2021-11-03,2203310,200326,19162650,2182302,3014
2021-11-04,2204424,200350,19206158,2183409,3065
2021-11-05,2205486,200373,19253562,2184508,3084
2021-11-06,2206556,200409,19300645,2185612,3045
2021-11-07,2207510,200438,19345563,2186590,3119
2021-11-08,2207890,200469,19364380,2186951,3196
2021-11-09,2208891,200502,19405865,2188042,3255
2021-11-10,2210129,200532,19455747,2189378,3238
2021-11-11,2211366,200554,19503585,2190703,3193
2021-11-12,2212514,200573,19552599,2191955,3258
2021-11-13,2213548,200605,19599815,2193056,3203
2021-11-14,2214543,200635,19641289,2194127,3416
2021-11-15,2215373,200672,19664890,2194989,3392
2021-11-16,2216832,200695,19707040,2196596,3393
2021-11-17,2218202,200741,19752740,2198039,3330
2021-11-18,2219617,200767,19798022,2199566,3235
2021-11-19,2221154,200801,19846203,2201170,3250
2021-11-20,2222879,200833,19894374,2203028,3244
2021-11-21,2224344,200866,19939334,2204525,3234
2021-11-22,2225117,200894,19964326,2205275,3210
2021-11-23,2226656,200931,20008200,2206930,3181
2021-11-24,2228212,200961,20059723,2208575,3217
2021-11-25,2229741,200987,20109465,2210240,3177
2021-11-26,2231175,201026,20157400,2211774,3106
2021-11-27,2232749,201071,20204659,2213380,3069
2021-11-28,2234075,201108,20249074,2214771,3085
2021-11-29,2234970,201144,20273392,2215631,3127
2021-11-30,2236351,201176,20314089,2217002,3128
2021-12-01,2237842,201209,20363118,2218490,3130
2021-12-02,2239421,201282,20414072,2220089,3139
2021-12-03,2241027,201326,20463224,2221793,3109
2021-12-04,2242646,201360,20511702,2223523,3132
2021-12-05,2243415,201379,20555444,2224331,3102
2021-12-06,2245146,201421,20580665,2226093,3091
2021-12-07,2246633,201450,20623407,2227617,3078
2021-12-08,2248447,201490,20674445,2229549,3054
2021-12-09,2249671,201527,20708063,2230818,3052
2021-12-10,2251027,201650,20753581,2232282,3082
2021-12-11,2252846,201733,20806885,2234285,3028
2021-12-12,2254373,201770,20854234,2235884,3028
2021-12-13,2255318,201848,20879254,2236843,2997
2021-12-14,2256796,201902,20921494,2238476,2947
2021-12-15,2258456,201992,20969226,2240189,2937
2021-12-16,2260180,202076,21022179,2241999,2981
2021-12-17,2261883,202120,21074547,2243798,2871
2021-12-18,2263739,202154,21125401,2245774,2908
2021-12-19,2265320,202225,21169755,2247460,2913
2021-12-20,2266205,202295,21192993,2248377,2928
2021-12-21,2267715,202338,21231952,2250006,2923
2021-12-22,2269497,202375,21280472,2251832,2927
2021-12-23,2271549,202424,21333592,2253941,2916
2021-12-24,2272885,202454,21352702,2255325,2866
2021-12-25,2278807,202488,21507541,2261437,2796
2021-12-26,2279299,202524,21524736,2261972,2848
2021-12-27,2281362,202550,21550239,2264036,2904
2021-12-28,2283474,202584,21591818,2266183,2946
2021-12-29,2287494,202584,21656119,2270349,3199
2021-12-30,2292254,202653,21725629,2275087,3386
2021-12-31,2296831,202690,21790289,2279739,3482
2022-01-01,2301177,202741,21843645,2283768,3499
2022-01-02,2302678,202782,21861790,2285361,3535
2022-01-03,2304674,202818,21881553,2287484,3609
2022-01-04,2309856,202867,21929599,2292626,3714
2022-01-05,2318543,202904,21999418,2301359,3796
2022-01-06,2329717,202934,22086761,2312482,3953
2022-01-07,2342550,202981,22173887,2324625,4064
2022-01-08,2358685,203019,22270297,2340784,4319
2022-01-09,2375813,203067,22368752,2357868,4578
2022-01-10,2388289,203097,22430563,2370018,4794
2022-01-11,2412577,203157,22544032,2394195,4751
2022-01-12,2440349,203193,22674737,2421373,4938
2022-01-13,2473709,203255,22824009,2452993,5122
2022-01-14,2512789,203302,22974449,2492357,5381
2022-01-15,2562534,203376,23133453,2541859,5542
2022-01-16,2606126,203464,23289858,2585515,5631
2022-01-17,2631826,203550,23372678,2610800,5705
2022-01-18,2668224,203645,23488903,2647704,5859
2022-01-19,2723166,203750,23656156,2702813,6080
2022-01-20,2780049,203868,23825355,2759887,6497
2022-01-21,2839519,203994,23995453,2816617,6521
2022-01-22,2894215,204141,24166026,2871659,6754
2022-01-23,2946151,204323,24325873,2924142,6684
2022-01-24,2976260,204404,24413349,2954737,6773
2022-01-25,3020756,204587,24547117,3000334,6892
2022-01-26,3070357,204769,24712863,3050454,7061
2022-01-27,3120401,204940,24888301,3101249,7055
2022-01-28,3160732,205112,25035696,3141499,6912
2022-01-29,3196488,205347,25171627,3176829,6801
2022-01-30,3224406,205505,25283300,3204886,6572
2022-01-31,3239538,205834,25338842,3219841,6422
2022-02-01,3262165,205985,25436629,3252721,6378
2022-02-02,3286151,206220,25544384,3281870,6223
2022-02-03,3308693,206406,25652377,3307174,6023
2022-02-04,3331290,206646,25759330,3332422,5896
2022-02-05,3349298,206891,25854325,3349876,5631
2022-02-06,3363489,206984,25933414,3366111,5516
2022-02-07,3372895,207114,25983005,3381206,5274
2022-02-08,3384546,207312,26075030,3397013,4973
2022-02-09,3397637,207536,26171623,3413967,4736
2022-02-10,3411201,207737,26267281,3427229,4591
2022-02-11,3424894,207965,26363363,3440718,4328
2022-02-12,3435753,208120,26447601,3450526,3967
2022-02-13,3445680,208381,26523394,3459988,3741
2022-02-14,3449712,208466,26556891,3467476,3586
2022-02-15,3456789,208622,26620405,3476667,3361
2022-02-16,3466309,208789,26697922,3486321,3239
2022-02-17,3474965,208964,26777800,3494590,3073
2022-02-18,3481752,209110,26843930,3502036,2915
2022-02-19,3490988,209298,26909789,3508799,2808
2022-02-20,3496009,209468,26969707,3514048,2683
2022-02-21,3497896,209641,26997737,3518315,2678
2022-02-22,3500880,209808,27049785,3524413,2516
2022-02-23,3503892,209927,27110980,3529246,2411
2022-02-24,3506075,210116,27166379,3533045,2314
2022-02-25,3508642,210229,27224498,3536538,2214
2022-02-26,3512404,210407,27286215,3539779,2196
2022-02-27,3516264,210538,27340836,3543183,2154
2022-02-28,3517260,210672,27364060,3545168,2068
2022-03-01,3518721,210744,27407063,3547285,2003
2022-03-02,3520604,210851,27460384,3549536,1924
2022-03-03,3522484,210907,27510769,3551590,1890
2022-03-04,3524504,210995,27557825,3553916,1847
2022-03-05,3525940,211032,27602423,3555396,1802
2022-03-06,3527549,211108,27647736,3556888,1762
2022-03-07,3528038,211155,27665850,3557974,1720
2022-03-08,3528939,211252,27699558,3559365,1696
2022-03-09,3530004,211301,27740350,3560709,1650
2022-03-10,3531075,211364,27785664,3561900,1616
2022-03-11,3534687,211423,27851471,3565190,1624
2022-03-12,3535726,211482,27898207,3566229,1562
2022-03-13,3536496,211546,27941525,3567139,1540
2022-03-14,3536842,211579,27960358,3567877,1550
2022-03-15,3537488,211619,28001696,3568927,1513
2022-03-16,3538453,211661,28054106,3569969,1514
2022-03-17,3539400,211691,28107876,3570623,1505
2022-03-18,3540108,211751,28158045,3571347,1495
2022-03-19,3540793,211814,28199031,3572058,1461
2022-03-20,3541397,211865,28238793,3572964,1435
2022-03-21,3541994,211924,28259007,3573858,1415
2022-03-22,3542602,211944,28300965,3574481,1408
2022-03-23,3543179,211981,28350635,3575159,1410
2022-03-24,3543790,212022,28399228,3575732,1401
2022-03-25,3544338,212050,28459124,3576470,1393
2022-03-26,3544862,212102,28511805,3577024,1385
2022-03-27,3545403,212128,28566991,3577578,1377
2022-03-28,3545628,212157,28614628,3577795,1338
2022-03-29,3546083,212179,28626927,3578453,1330
2022-03-30,3546696,212207,28675909,3579174,1336
2022-03-31,3547125,212222,28736342,3579717,1280
2022-04-01,3547606,212256,28804457,3580283,1278
2022-04-02,3548088,212299,28860933,3580719,1259
2022-04-03,3548559,212328,28904299,3581149,1229
2022-04-04,3548717,212354,28937071,3581650,1197
2022-04-05,3549028,212372,28971116,3582177,1205
2022-04-06,3549511,212396,29002138,3582711,1251
2022-04-07,3550240,212420,29043592,3583103,1270
2022-04-08,3550791,212438,29106235,3583600,1239
2022-04-09,3551245,212471,29171760,3584034,1234
2022-04-10,3551540,212486,29204946,3584295,1216
2022-04-11,3551800,212507,29222627,3584580,1196
2022-04-12,3552467,212528,29255017,3585177,1160
2022-04-13,3553210,212547,29296629,3585707,1161
2022-04-14,3554006,212565,29338086,3586154,1144
2022-04-15,3554669,212596,29371506,3586611,1136
2022-04-16,3555139,212619,29380269,3532642,1095
2022-04-17,3555739,212630,29402394,3533199,1119
2022-04-18,3556384,212654,29447514,3539210,1106
2022-04-19,3557139,212676,29453565,3539694,1040
2022-04-20,3557869,212704,29509747,3540078,1063
2022-04-21,3558613,212715,29550426,3540405,1073
2022-04-22,3559343,212724,29592270,3540766,1061
2022-04-23,3560095,212736,29627340,3540985,1053
2022-04-24,3560876,212742,29659485,3541298,1050
2022-04-25,3561677,212761,29673543,3541523,1045
2022-04-26,3562300,212769,29702409,3541926,1031
2022-04-27,3563151,212778,29738803,3542224,1032
2022-04-28,3563929,212798,29778939,3542500,1016
2022-04-29,3564558,212810,29813461,3542733,1090
2022-04-30,3565253,212824,29846819,3543027,993
2022-05-01,3565839,212841,29874150,3543274,999
2022-04-02,3566523,212865,29886697,3543669,997
2022-04-03,3567171,212877,29912021,3544001,988
2022-05-04,3567863,212891,29946934,3544390,978
2022-05-05,3568692,212906,29981447,3544801,1011
2022-05-06,3569026,212913,30012076,3544929,1010
2022-05-07,3569326,212933,30039358,3545049,940
2022-05-08,3569782,212946,30065461,3545174,947
2022-05-09,3570075,212957,30075629,3545498,945
2022-05-10,3570339,212968,30100460,3545770,922
2022-05-11,3570801,212979,30134364,3546249,913
2022-05-12,3571161,213000,30166746,3546684,952
2022-05-13,3571516,213013,30199570,3547219,913
2022-05-14,3571919,213023,30226868,3547461,720
2022-05-15,3572423,213040,30251229,3547781,720
2022-05-16,3572832,213044,30265672,3548226,719
2022-05-17,3573220,213058,30290953,3548698,721
2022-05-18,3573738,213069,30327514,3549111,713
2022-05-19,3574182,213077,30358848,3549710,711
2022-05-20,3574876,213086,30394302,3550245,703
2022-05-21,3575291,213098,30420760,3550581,719
2022-05-22,3576042,213106,30448621,3550541,709
