Fecha,Dia,Casos,NuevosCasos,%DifCases,CasosActivos,NuevosCasesActivos,Fallecidos,NuevasFallecidos,%DifDeaths,TasaMortalidad,Pruebas,NuevasPruebas,%DifTests,%PruebasPositivasDiarias,Recuperados,NuevosRecuperados,%DifRecuperados,Hospitalizados,NuevosHospitalizados,%DiffHospitalized
2020-03-03,0.0,0.0,0.0,0.0,0.0,0.0,0.0,0.0,0.0,0.0,0.0,0.0,0.0,0.0,0.0,0.0,0.0,0.0,0.0,0.0
2020-03-04,1.0,0.0,0.0,0.0,0.0,0.0,0.0,0.0,0.0,0.0,107.0,107.0,107.0,0.0,0.0,0.0,0.0,0.0,0.0,0.0
2020-03-05,2.0,1.0,1.0,1.0,1.0,1.0,0.0,0.0,0.0,0.0,155.0,48.0,1.4485981308411215,0.020833333333333332,0.0,0.0,0.0,0.0,0.0,0.0
2020-03-06,3.0,1.0,0.0,1.0,1.0,0.0,0.0,0.0,0.0,0.0,219.0,64.0,1.4129032258064516,0.0,0.0,0.0,0.0,0.0,0.0,0.0
2020-03-07,4.0,1.0,0.0,1.0,1.0,0.0,0.0,0.0,0.0,0.0,219.0,0.0,1.0,0.0,0.0,0.0,0.0,0.0,0.0,0.0
2020-03-08,5.0,7.0,6.0,7.0,7.0,6.0,0.0,0.0,0.0,0.0,250.0,31.0,1.1415525114155252,0.1935483870967742,0.0,0.0,0.0,0.0,0.0,0.0
2020-03-09,6.0,9.0,2.0,1.2857142857142858,9.0,2.0,0.0,0.0,0.0,0.0,318.0,68.0,1.272,0.029411764705882353,0.0,0.0,0.0,0.0,0.0,0.0
2020-03-10,7.0,11.0,2.0,1.2222222222222223,11.0,2.0,0.0,0.0,0.0,0.0,346.0,28.0,1.0880503144654088,0.07142857142857142,0.0,0.0,0.0,0.0,0.0,0.0
2020-03-11,8.0,17.0,6.0,1.5454545454545454,17.0,6.0,0.0,0.0,0.0,0.0,656.0,310.0,1.8959537572254335,0.01935483870967742,0.0,0.0,0.0,0.0,0.0,0.0
2020-03-12,9.0,22.0,5.0,1.2941176470588236,22.0,5.0,0.0,0.0,0.0,0.0,656.0,0.0,1.0,0.0,0.0,0.0,0.0,0.0,0.0,0.0
2020-03-13,10.0,38.0,16.0,1.7272727272727273,38.0,16.0,0.0,0.0,0.0,0.0,656.0,0.0,1.0,0.0,0.0,0.0,0.0,0.0,0.0,0.0
2020-03-14,11.0,43.0,5.0,1.131578947368421,43.0,5.0,0.0,0.0,0.0,0.0,1232.0,576.0,1.8780487804878048,0.008680555555555556,0.0,0.0,0.0,0.0,0.0,0.0
2020-03-15,12.0,71.0,28.0,1.6511627906976745,71.0,28.0,0.0,0.0,0.0,0.0,1822.0,590.0,1.478896103896104,0.04745762711864407,0.0,0.0,0.0,0.0,0.0,0.0
2020-03-16,13.0,86.0,15.0,1.2112676056338028,86.0,15.0,0.0,0.0,0.0,0.0,2315.0,493.0,1.2705817782656421,0.030425963488843813,0.0,0.0,0.0,0.0,0.0,0.0
2020-03-17,14.0,117.0,31.0,1.3604651162790697,117.0,31.0,0.0,0.0,0.0,0.0,2797.0,482.0,1.208207343412527,0.06431535269709543,0.0,0.0,0.0,0.0,0.0,0.0
2020-03-18,15.0,145.0,28.0,1.2393162393162394,145.0,28.0,0.0,0.0,0.0,0.0,3075.0,278.0,1.0993922059349304,0.10071942446043165,0.0,0.0,0.0,0.0,0.0,0.0
2020-03-19,16.0,234.0,89.0,1.6137931034482758,232.0,87.0,2.0,2.0,2.0,0.008547008547008548,3841.0,766.0,1.2491056910569105,0.11618798955613577,0.0,0.0,0.0,0.0,0.0,0.0
2020-03-20,17.0,263.0,29.0,1.123931623931624,260.0,28.0,3.0,1.0,1.5,0.011406844106463879,4298.0,457.0,1.1189794324394688,0.06345733041575492,0.0,0.0,0.0,0.0,0.0,0.0
2020-03-21,18.0,318.0,55.0,1.209125475285171,313.0,53.0,5.0,2.0,1.6666666666666667,0.015723270440251572,5185.0,887.0,1.206375058166589,0.06200676437429538,0.0,0.0,0.0,0.0,0.0,0.0
2020-03-22,19.0,363.0,45.0,1.1415094339622642,358.0,45.0,5.0,0.0,1.0,0.013774104683195593,6184.0,999.0,1.1926711668273866,0.04504504504504504,0.0,0.0,0.0,0.0,0.0,0.0
2020-03-23,20.0,395.0,32.0,1.0881542699724518,390.0,32.0,5.0,0.0,1.0,0.012658227848101266,7013.0,829.0,1.1340556274256144,0.038600723763570564,0.0,0.0,0.0,0.0,0.0,0.0
2020-03-24,21.0,416.0,21.0,1.0531645569620254,409.0,19.0,7.0,2.0,1.4,0.016826923076923076,7486.0,473.0,1.0674461713959789,0.04439746300211417,0.0,0.0,0.0,0.0,0.0,0.0
2020-03-25,22.0,558.0,142.0,1.3413461538461537,550.0,141.0,8.0,1.0,1.1428571428571428,0.014336917562724014,8040.0,554.0,1.0740048089767567,0.2563176895306859,0.0,0.0,0.0,0.0,0.0,0.0
2020-03-26,23.0,580.0,22.0,1.039426523297491,571.0,21.0,9.0,1.0,1.125,0.015517241379310345,9219.0,1179.0,1.1466417910447761,0.018659881255301103,0.0,0.0,0.0,0.0,0.0,0.0
2020-03-27,24.0,635.0,55.0,1.0948275862068966,624.0,53.0,11.0,2.0,1.2222222222222223,0.01732283464566929,10065.0,846.0,1.091767002928734,0.06501182033096926,0.0,0.0,0.0,0.0,0.0,0.0
2020-03-28,25.0,671.0,36.0,1.0566929133858267,655.0,31.0,16.0,5.0,1.4545454545454546,0.02384500745156483,10896.0,831.0,1.0825633383010431,0.04332129963898917,0.0,0.0,0.0,0.0,0.0,0.0
2020-03-29,26.0,852.0,181.0,1.2697466467958272,834.0,179.0,18.0,2.0,1.125,0.02112676056338028,12669.0,1773.0,1.1627202643171806,0.1020868584320361,0.0,0.0,0.0,0.0,0.0,0.0
2020-03-30,27.0,950.0,98.0,1.1150234741784038,926.0,92.0,24.0,6.0,1.3333333333333333,0.02526315789473684,13452.0,783.0,1.0618044044518116,0.1251596424010217,0.0,0.0,0.0,0.0,0.0,0.0
2020-03-31,28.0,1065.0,115.0,1.1210526315789473,1035.0,109.0,30.0,6.0,1.25,0.028169014084507043,14463.0,1011.0,1.0751561106155219,0.11374876360039565,0.0,0.0,0.0,0.0,0.0,0.0
2020-04-01,29.0,1323.0,258.0,1.2422535211267605,1276.0,241.0,47.0,17.0,1.5666666666666667,0.03552532123960695,15587.0,1124.0,1.0777155500241997,0.22953736654804271,0.0,0.0,0.0,0.0,0.0,0.0
2020-04-02,30.0,1414.0,91.0,1.0687830687830688,1359.0,83.0,55.0,8.0,1.1702127659574468,0.038896746817538894,16518.0,931.0,1.059729261564124,0.09774436090225563,0.0,0.0,0.0,0.0,0.0,0.0
2020-04-03,31.0,1595.0,181.0,1.128005657708628,1534.0,175.0,61.0,6.0,1.1090909090909091,0.03824451410658307,17334.0,816.0,1.0494006538321832,0.22181372549019607,0.0,0.0,0.0,0.0,0.0,0.0
2020-04-04,32.0,1746.0,151.0,1.0946708463949844,1673.0,139.0,73.0,12.0,1.1967213114754098,0.0418098510882016,17841.0,507.0,1.0292488750432676,0.2978303747534517,0.0,0.0,0.0,0.0,0.0,0.0
2020-04-05,33.0,2281.0,535.0,1.3064146620847652,1209.0,-464.0,83.0,10.0,1.1369863013698631,0.03638754932047348,19410.0,1569.0,1.0879435009248362,0.3409815168897387,989.0,989.0,989.0,0.0,0.0,0.0
2020-04-06,34.0,2561.0,280.0,1.122753178430513,1472.0,263.0,92.0,9.0,1.108433734939759,0.035923467395548615,20414.0,1004.0,1.0517259144770736,0.2788844621513944,997.0,8.0,1.0080889787664307,0.0,0.0,0.0
2020-04-07,35.0,2954.0,393.0,1.1534556813744632,1616.0,144.0,107.0,15.0,1.1630434782608696,0.036222071767095465,21555.0,1141.0,1.055893014597825,0.3444347063978966,1231.0,234.0,1.234704112337011,0.0,0.0,0.0
2020-04-08,36.0,4342.0,1388.0,1.4698713608666216,2888.0,1272.0,121.0,14.0,1.1308411214953271,0.027867342238599723,39599.0,18044.0,1.83711435861749,0.07692307692307693,1333.0,102.0,1.082859463850528,0.0,0.0,0.0
2020-04-09,37.0,5256.0,914.0,1.210502072777522,3680.0,792.0,138.0,17.0,1.140495867768595,0.026255707762557076,48465.0,8866.0,1.2238945427914847,0.1030904579291676,1438.0,105.0,1.0787696924231058,0.0,0.0,0.0
2020-04-10,38.0,5897.0,641.0,1.1219558599695585,4159.0,479.0,169.0,31.0,1.2246376811594204,0.02865863998643378,56681.0,8216.0,1.1695243990508615,0.07801850048685492,1569.0,131.0,1.0910987482614742,687.0,687.0,687.0
2020-04-11,39.0,6848.0,951.0,1.1612684415804646,4928.0,769.0,181.0,12.0,1.0710059171597632,0.02643107476635514,65712.0,9031.0,1.1593302870450415,0.10530395305060347,1739.0,170.0,1.1083492670490758,788.0,101.0,1.1470160116448327
2020-04-12,40.0,7519.0,671.0,1.097984813084112,5528.0,600.0,193.0,12.0,1.0662983425414365,0.025668306955712195,76506.0,10794.0,1.164262235208181,0.062164165277005745,1798.0,59.0,1.0339275445658425,815.0,27.0,1.034263959390863
2020-04-13,41.0,9784.0,2265.0,1.3012368666046017,6926.0,1398.0,216.0,23.0,1.1191709844559585,0.022076860179885527,87116.0,10610.0,1.1386819334431286,0.21347785108388312,2642.0,844.0,1.4694104560622914,901.0,86.0,1.105521472392638
2020-04-14,42.0,10303.0,519.0,1.053045789043336,7204.0,278.0,230.0,14.0,1.0648148148148149,0.022323595069397264,109385.0,22269.0,1.2556246843289407,0.023305940994207193,2869.0,227.0,1.0859197577592732,914.0,13.0,1.0144284128745837
2020-04-15,43.0,11475.0,1172.0,1.1137532757449287,8113.0,909.0,254.0,24.0,1.1043478260869566,0.02213507625272331,121468.0,12083.0,1.1104630433788911,0.0969957791939088,3108.0,239.0,1.0833042872080865,1113.0,199.0,1.2177242888402626
2020-04-16,44.0,12491.0,1016.0,1.0885403050108933,6097.0,-2016.0,274.0,20.0,1.078740157480315,0.021935793771515492,121468.0,0.0,1.0,0.0,6120.0,3012.0,1.9691119691119692,1277.0,164.0,1.1473495058400718
2020-04-17,45.0,13489.0,998.0,1.0798975262188777,6648.0,551.0,300.0,26.0,1.094890510948905,0.022240343983986954,135895.0,14427.0,1.118772022261007,0.06917585083523949,6541.0,421.0,1.0687908496732026,1219.0,-58.0,-1.047579983593109
2020-04-18,46.0,14420.0,931.0,1.069019200830306,7388.0,740.0,348.0,48.0,1.16,0.024133148404993063,143745.0,7850.0,1.057765186357114,0.11859872611464968,6684.0,143.0,1.0218621005962392,1268.0,49.0,1.0401968826907302
2020-04-19,47.0,15628.0,1208.0,1.0837725381414702,8417.0,1029.0,400.0,52.0,1.1494252873563218,0.025595085743537242,148011.0,4266.0,1.0296775540018783,0.28316924519456166,6811.0,127.0,1.0190005984440456,1349.0,81.0,1.0638801261829653
2020-04-20,48.0,16325.0,697.0,1.0445994369081137,8912.0,495.0,445.0,45.0,1.1125,0.027258805513016845,155724.0,7713.0,1.052110991750613,0.0903669130040192,6968.0,157.0,1.023050946997504,1682.0,333.0,1.2468495181616013
2020-04-21,49.0,17837.0,1512.0,1.0926186830015314,10371.0,1459.0,484.0,39.0,1.0876404494382022,0.027134607837640858,170400.0,14676.0,1.0942436618632967,0.10302534750613246,6982.0,14.0,1.0020091848450057,2419.0,737.0,1.4381688466111773
2020-04-22,50.0,19250.0,1413.0,1.0792173571788979,11693.0,1322.0,530.0,46.0,1.0950413223140496,0.027532467532467533,185238.0,14838.0,1.0870774647887325,0.09522846744844318,7027.0,45.0,1.0064451446576912,2434.0,15.0,1.0062009094667217
2020-04-23,51.0,20914.0,1664.0,1.0864415584415585,12920.0,1227.0,572.0,42.0,1.079245283018868,0.027350100411207803,198349.0,13111.0,1.0707792137682333,0.1269163297994051,7422.0,395.0,1.056211754660595,2786.0,352.0,1.1446179129005751
2020-04-24,52.0,21648.0,734.0,1.035096107870326,13518.0,598.0,634.0,62.0,1.1083916083916083,0.029286770140428676,218195.0,19846.0,1.1000559619660295,0.03698478282777386,7496.0,74.0,1.0099703583939639,3194.0,408.0,1.1464465183058148
2020-04-25,53.0,25331.0,3683.0,1.1701311899482632,16834.0,3316.0,700.0,66.0,1.1041009463722398,0.0276341241956496,232747.0,14552.0,1.0666926373198287,0.2530923584387026,7797.0,301.0,1.040154749199573,3532.0,338.0,1.1058234189104572
2020-04-26,54.0,27517.0,2186.0,1.0862974221309858,18701.0,1867.0,728.0,28.0,1.04,0.026456372424319512,232747.0,0.0,1.0,0.0,8088.0,291.0,1.0373220469411313,3632.0,100.0,1.028312570781427
2020-04-27,55.0,28699.0,1182.0,1.0429552640186066,19492.0,791.0,782.0,54.0,1.0741758241758241,0.027248336178960938,239563.0,6816.0,1.0292850176371768,0.17341549295774647,8425.0,337.0,1.0416666666666667,3968.0,336.0,1.092511013215859
2020-04-28,56.0,31190.0,2491.0,1.0867974493884804,21157.0,1665.0,854.0,72.0,1.092071611253197,0.027380570695735813,267612.0,28049.0,1.117084023826718,0.08880887019145067,9179.0,754.0,1.0894955489614244,4088.0,120.0,1.030241935483871
2020-04-29,57.0,33931.0,2741.0,1.0878807310035268,22951.0,1794.0,943.0,89.0,1.104215456674473,0.027791694910259054,318252.0,50640.0,1.1892291825478678,0.054127172195892574,10037.0,858.0,1.0934742346660857,4289.0,201.0,1.0491682974559686
2020-04-30,58.0,36976.0,3045.0,1.089740944858684,25520.0,2569.0,1051.0,108.0,1.114528101802757,0.02842384249242752,342498.0,24246.0,1.0761849100712644,0.12558772581044295,10405.0,368.0,1.0366643419348411,4978.0,689.0,1.1606435066449057
2020-05-01,59.0,40459.0,3483.0,1.0941962353959325,28206.0,2686.0,1124.0,73.0,1.0694576593720266,0.0277812106082701,342498.0,0.0,1.0,0.0,11129.0,724.0,1.0695819317635753,5287.0,309.0,1.0620731217356367
2020-05-02,60.0,42534.0,2075.0,1.051286487555303,28900.0,694.0,1200.0,76.0,1.0676156583629892,0.028212723938496262,375096.0,32598.0,1.0951771981150256,0.0636542119148414,12434.0,1305.0,1.117261209452781,5098.0,-189.0,-1.0370733621027854
2020-05-03,61.0,45928.0,3394.0,1.0797949875393802,31092.0,2192.0,1286.0,86.0,1.0716666666666668,0.028000348371363875,385492.0,10396.0,1.0277155714803676,0.32647171989226625,13550.0,1116.0,1.0897539005951424,5281.0,183.0,1.0358964299725382
2020-05-04,62.0,47372.0,1444.0,1.0314405155896185,31601.0,509.0,1344.0,58.0,1.0451010886469674,0.028371189732331336,406579.0,21087.0,1.0547015242858477,0.06847820932327975,14427.0,877.0,1.0647232472324724,5435.0,154.0,1.0291611437227797
2020-05-05,63.0,51189.0,3817.0,1.0805750232204678,34332.0,2731.0,1444.0,100.0,1.0744047619047619,0.028209185567211706,406579.0,0.0,1.0,0.0,15413.0,986.0,1.0683440770777015,5509.0,74.0,1.0136154553817847
2020-05-06,64.0,54817.0,3628.0,1.070874601965266,35757.0,1425.0,1533.0,89.0,1.061634349030471,0.02796577703996935,448020.0,41441.0,1.1019260709480814,0.08754614994811902,17527.0,2114.0,1.1371569454356711,5729.0,220.0,1.039934652387003
2020-05-07,65.0,58526.0,3709.0,1.0676614918729592,38511.0,2754.0,1627.0,94.0,1.061317677756034,0.027799610429552677,473190.0,25170.0,1.0561805276550154,0.1473579658323401,18388.0,861.0,1.049124208364238,5980.0,251.0,1.04381218362716
2020-05-08,66.0,61847.0,3321.0,1.0567440112086937,41121.0,2610.0,1714.0,87.0,1.0534726490473263,0.02771355118275745,473190.0,0.0,1.0,0.0,19012.0,624.0,1.033935175114205,6155.0,175.0,1.0292642140468227
2020-05-09,67.0,65015.0,3168.0,1.0512231797823661,42955.0,1834.0,1814.0,100.0,1.058343057176196,0.02790125355687149,494250.0,21060.0,1.0445064350472326,0.15042735042735042,20246.0,1234.0,1.0649063749211025,6220.0,65.0,1.0105605199025183
2020-05-10,68.0,67307.0,2292.0,1.035253403060832,44069.0,1114.0,1889.0,75.0,1.0413450937155457,0.02806543153015288,504930.0,10680.0,1.021608497723824,0.21460674157303372,21349.0,1103.0,1.054479897263657,6601.0,381.0,1.0612540192926045
2020-05-11,69.0,68822.0,1515.0,1.0225088029476874,44455.0,386.0,1961.0,72.0,1.0381154049761778,0.02849379558861992,512869.0,7939.0,1.015722971501,0.1908300793550825,22406.0,1057.0,1.0495105157150217,6648.0,47.0,1.0071201333131343
2020-05-12,70.0,72059.0,3237.0,1.0470343785417453,46678.0,2223.0,2057.0,96.0,1.0489546149923508,0.028546052540279494,532169.0,19300.0,1.037631441947164,0.167720207253886,23324.0,918.0,1.0409711684370258,6862.0,214.0,1.0321901323706377
2020-05-13,71.0,76306.0,4247.0,1.0589378148461677,49813.0,3135.0,2169.0,112.0,1.0544482255712202,0.028425025555002228,553302.0,21133.0,1.0397110692280085,0.20096531491032982,24324.0,1000.0,1.0428742925741725,6979.0,117.0,1.0170504226173127
2020-05-14,72.0,80604.0,4298.0,1.0563258459360994,53186.0,3373.0,2267.0,98.0,1.0451821115721531,0.0281251550791524,587292.0,33990.0,1.0614311894769946,0.12644895557516916,25151.0,827.0,1.0339993422134517,6941.0,-38.0,-1.0054747154588677
2020-05-15,73.0,84495.0,3891.0,1.0482730385588805,54956.0,1770.0,2392.0,125.0,1.055138950154389,0.028309367418190425,605383.0,18091.0,1.0308040974506718,0.21507932120944115,27147.0,1996.0,1.0793606616039124,7085.0,144.0,1.0207462901599194
2020-05-16,74.0,88541.0,4046.0,1.0478844902065212,57746.0,2790.0,2523.0,131.0,1.0547658862876255,0.02849527337617601,630482.0,25099.0,1.0414597040220819,0.16120164149966135,28272.0,1125.0,1.0414410432091943,7275.0,190.0,1.0268172194777698
2020-05-17,75.0,92273.0,3732.0,1.0421499644232615,61004.0,3258.0,2648.0,125.0,1.0495441934205312,0.028697452125757264,650613.0,20131.0,1.031929539622067,0.18538572351100294,28621.0,349.0,1.0123443689869835,7408.0,133.0,1.0182817869415808
2020-05-18,76.0,94933.0,2660.0,1.0288275010024601,61838.0,834.0,2789.0,141.0,1.0532477341389728,0.029378614391202217,661132.0,10519.0,1.0161678294162582,0.2528757486453085,30306.0,1685.0,1.0588728555955418,7509.0,101.0,1.013633909287257
2020-05-19,77.0,99483.0,4550.0,1.0479285390749264,60045.0,-1793.0,2914.0,125.0,1.0448189315166727,0.029291436727883157,679582.0,18450.0,1.027906681267886,0.24661246612466126,36524.0,6218.0,1.20517389295849,7526.0,17.0,1.0022639499267545
2020-05-20,78.0,104020.0,4537.0,1.0456057818923836,59028.0,-1017.0,3024.0,110.0,1.0377487989018532,0.029071332436069987,715423.0,35841.0,1.0527397723894982,0.12658686978599928,41968.0,5444.0,1.149052677691381,7533.0,7.0,1.0009301089556206
2020-05-21,79.0,108769.0,4749.0,1.0456546817919632,62024.0,2996.0,3148.0,124.0,1.041005291005291,0.028942069891237394,736500.0,21077.0,1.029460892367173,0.22531669592446743,43597.0,1629.0,1.038815287838353,7455.0,-78.0,-1.0104627766599596
2020-05-22,80.0,111698.0,2929.0,1.0269286285614467,63606.0,1582.0,3244.0,96.0,1.0304955527318933,0.029042597002632096,750526.0,14026.0,1.0190441276306856,0.20882646513617567,44848.0,1251.0,1.0286946349519461,7545.0,90.0,1.012072434607646
2020-05-23,81.0,115745.0,4047.0,1.036231624559079,64457.0,851.0,3373.0,129.0,1.0397657213316893,0.029141647587368785,788341.0,37815.0,1.0503846635559595,0.10702102340341134,47915.0,3067.0,1.0683865501248662,7674.0,129.0,1.0170974155069583
2020-05-24,82.0,119959.0,4214.0,1.0364076201995767,66708.0,2251.0,3456.0,83.0,1.0246071746219982,0.028809843363149075,820967.0,32626.0,1.0413856440296776,0.12916079200637529,49795.0,1880.0,1.0392361473442555,7779.0,105.0,1.0136825645035183
2020-05-25,83.0,123979.0,4020.0,1.0335114497453297,69401.0,2693.0,3629.0,173.0,1.0500578703703705,0.0292710862323458,840922.0,19955.0,1.0243067017310075,0.20145326985717865,50949.0,1154.0,1.0231750175720453,8097.0,318.0,1.0408792903972233
2020-05-26,84.0,129751.0,5772.0,1.0465562716266466,73057.0,3656.0,3788.0,159.0,1.043813722788647,0.02919438000477838,875721.0,34799.0,1.0413819593255973,0.1658668352538866,52906.0,1957.0,1.0384109599795874,8207.0,110.0,1.0135852784982091
2020-05-27,85.0,135905.0,6154.0,1.0474293069032223,75753.0,2696.0,3983.0,195.0,1.0514783526927138,0.029307236672675766,905278.0,29557.0,1.0337516172388237,0.20820786954021045,56169.0,3263.0,1.0616754243375042,8267.0,60.0,1.0073108322164006
2020-05-28,86.0,141779.0,5874.0,1.0432213678672602,78238.0,2485.0,4099.0,116.0,1.0291237760482048,0.028911192771849146,928797.0,23519.0,1.025979864748729,0.24975551681619115,59442.0,3273.0,1.0582705762965336,8395.0,128.0,1.0154832466432806
2020-05-29,87.0,148285.0,6506.0,1.0458883191445842,81264.0,3026.0,4230.0,131.0,1.0319590143937545,0.028526148969889066,963617.0,34820.0,1.0374893545091124,0.1868466398621482,62791.0,3349.0,1.0563406345681505,8433.0,38.0,1.004526503871352
2020-05-30,88.0,155671.0,7386.0,1.049809488485012,84853.0,3589.0,4371.0,141.0,1.0333333333333334,0.02807844749503761,1012708.0,49091.0,1.0509445142624092,0.15045527693467234,66447.0,3656.0,1.0582249048430508,8465.0,32.0,1.0037946163879996
2020-05-31,89.0,164476.0,8805.0,1.056561594645117,92762.0,7909.0,4506.0,135.0,1.030885380919698,0.027396094262992776,1058874.0,46166.0,1.045586684414461,0.19072477580903696,67208.0,761.0,1.0114527367676494,8882.0,417.0,1.049261665682221
2020-06-01,90.0,170039.0,5563.0,1.033822563778302,96898.0,4136.0,4634.0,128.0,1.0284065690190856,0.027252571468898312,1076659.0,17785.0,1.0167961438282553,0.31279167838065786,68507.0,1299.0,1.0193280561837876,8868.0,-14.0,-1.001578709968426
2020-06-02,91.0,174884.0,4845.0,1.02849346326431,100860.0,3962.0,4767.0,133.0,1.0287009063444108,0.02725806820521031,1092646.0,15987.0,1.0148487125450119,0.30305873522236815,69257.0,750.0,1.0109477863575984,8930.0,62.0,1.0069914298601714
2020-06-03,92.0,178914.0,4030.0,1.0230438462066285,101701.0,841.0,4894.0,127.0,1.026641493601846,0.027353924231753802,1115615.0,22969.0,1.0210214470194372,0.17545387261091036,72319.0,3062.0,1.0442121374012736,10101.0,1171.0,1.1311310190369541
2020-06-04,93.0,183198.0,4284.0,1.0239444649384621,101939.0,238.0,5031.0,137.0,1.0279934613812831,0.02746209019749124,1135831.0,20216.0,1.0181209467423797,0.21191135734072022,76228.0,3909.0,1.0540521854561042,9063.0,-1038.0,-1.1145316120489903
2020-06-05,94.0,187400.0,4202.0,1.0229369316258912,103024.0,1085.0,5162.0,131.0,1.026038560922282,0.02754535752401281,1154468.0,18637.0,1.0164082508753502,0.22546547191071525,79214.0,2986.0,1.039171957810778,9198.0,135.0,1.0148957298907646
2020-06-06,95.0,191758.0,4358.0,1.0232550693703308,103726.0,702.0,5301.0,139.0,1.026927547462224,0.027644218233398347,1173003.0,18535.0,1.0160550140844093,0.23512274076072295,82731.0,3517.0,1.0443987173984397,9500.0,302.0,1.0328332246140466
2020-06-07,96.0,196515.0,4757.0,1.0248073092126535,104831.0,1105.0,5465.0,164.0,1.0309375589511414,0.02780958196575325,1191956.0,18953.0,1.0161576739360427,0.25098928929457076,86219.0,3488.0,1.0421607378129116,9583.0,83.0,1.0087368421052632
2020-06-08,97.0,199696.0,3181.0,1.0161870595119966,104569.0,-262.0,5571.0,106.0,1.0193961573650503,0.027897404054162328,1203985.0,12029.0,1.0100918154696985,0.26444425970571117,89556.0,3337.0,1.0387037659912548,9661.0,78.0,1.008139413544819
2020-06-09,98.0,203736.0,4040.0,1.0202307507411266,105069.0,500.0,5738.0,167.0,1.0299766648716568,0.028163898378293476,1227691.0,23706.0,1.019689614073265,0.17042099046654854,92929.0,3373.0,1.0376635847961053,9903.0,242.0,1.0250491667529242
2020-06-10,99.0,208823.0,5087.0,1.024968586798602,104889.0,-180.0,5903.0,165.0,1.028755663994423,0.028267958989191804,1255756.0,28065.0,1.022859986755625,0.18125779440584358,98031.0,5102.0,1.0549021295827998,9916.0,13.0,1.0013127335150964
2020-06-11,100.0,214788.0,5965.0,1.0285648611503522,106250.0,1361.0,6109.0,206.0,1.0348975097408097,0.02844199862189694,1282478.0,26722.0,1.0212796116443004,0.22322430955766784,102429.0,4398.0,1.0448633595495302,10026.0,110.0,1.0110931827349738
2020-06-12,101.0,220749.0,5961.0,1.0277529470920164,107308.0,1058.0,6308.0,199.0,1.0325748895072844,0.028575440885349423,1315417.0,32939.0,1.0256838713802499,0.18097088557636845,107133.0,4704.0,1.0459244940397738,10121.0,95.0,1.009475364053461
2020-06-13,102.0,225132.0,4383.0,1.019855129581561,106910.0,-398.0,6498.0,190.0,1.0301204819277108,0.028863067000692928,1338477.0,23060.0,1.017530562551647,0.19006938421509106,111724.0,4591.0,1.0428532758347102,10342.0,221.0,1.0218357869775714
2020-06-14,103.0,229736.0,4604.0,1.0204502247570315,107469.0,559.0,6688.0,190.0,1.0292397660818713,0.029111676010725354,1360839.0,22362.0,1.0167070483840963,0.20588498345407388,115579.0,3855.0,1.0345046722279905,10297.0,-45.0,-1.0043702049140526
2020-06-15,104.0,232992.0,3256.0,1.0141727896368005,106723.0,-746.0,6860.0,172.0,1.0257177033492824,0.029443071006729844,1376478.0,15639.0,1.0114921750478933,0.2081974550802481,119409.0,3830.0,1.0331375076787306,10295.0,-2.0,-1.0001942690626517
2020-06-16,105.0,237156.0,4164.0,1.0178718582612278,104895.0,-1828.0,7056.0,196.0,1.0285714285714285,0.029752567929970147,1396605.0,20127.0,1.014622100752791,0.20688627217170966,125205.0,5796.0,1.0485390548451121,10177.0,-118.0,-1.0115947725262848
2020-06-17,106.0,240908.0,3752.0,1.015820809931016,105029.0,134.0,7257.0,201.0,1.028486394557823,0.030123532634864763,1417911.0,21306.0,1.0152555661765497,0.1761006289308176,128622.0,3417.0,1.0272912423625256,10204.0,27.0,1.0026530411712686
2020-06-18,107.0,244388.0,3480.0,1.0144453484317666,105737.0,708.0,7461.0,204.0,1.0281107895824722,0.030529322225313845,1439767.0,21856.0,1.015414225575512,0.15922401171303074,131190.0,2568.0,1.0199654802444371,10240.0,36.0,1.0035280282242258
2020-06-19,108.0,247925.0,3537.0,1.0144728873758122,104745.0,-992.0,7660.0,199.0,1.0266720278783006,0.030896440455783,1461266.0,21499.0,1.014932277236525,0.16451927996651006,135520.0,4330.0,1.0330055644485099,10445.0,205.0,1.02001953125
2020-06-20,109.0,251338.0,3413.0,1.0137662599576485,104714.0,-31.0,7861.0,201.0,1.0262402088772846,0.03127660759614543,1482563.0,21297.0,1.0145743485443444,0.1602573132366061,138763.0,3243.0,1.0239300472255017,10577.0,132.0,1.0126376256582097
2020-06-21,110.0,254936.0,3598.0,1.014315384064487,104924.0,210.0,8045.0,184.0,1.0234066912606539,0.03155693978096463,1504209.0,21646.0,1.0146003913493051,0.1662200868520743,141967.0,3204.0,1.0230897285299396,10566.0,-11.0,-1.001041075146697
2020-06-22,111.0,257447.0,2511.0,1.0098495308626478,103904.0,-1020.0,8223.0,178.0,1.0221255438160348,0.03194055475495927,1517930.0,13721.0,1.0091217377372426,0.183004154216165,145320.0,3353.0,1.023618164784774,10714.0,148.0,1.0140071928828318
2020-06-23,112.0,260810.0,3363.0,1.0130628828457897,103969.0,65.0,8404.0,181.0,1.0220114313510884,0.03222269084774357,1539746.0,21816.0,1.014372204251843,0.15415291529152916,148437.0,3117.0,1.02144921552436,10588.0,-126.0,-1.0119002644503212
2020-06-24,113.0,264689.0,3879.0,1.014872895977915,104514.0,545.0,8586.0,182.0,1.021656354117087,0.03243806882794525,1561653.0,21907.0,1.0142276713172174,0.17706669101200528,151589.0,3152.0,1.0212345978428559,10599.0,11.0,1.0010389119758216
2020-06-25,114.0,268602.0,3913.0,1.0147833872960341,103767.0,-747.0,8761.0,175.0,1.0203820172373632,0.032617031891050696,1583605.0,21952.0,1.0140568999643327,0.17825255102040816,156074.0,4485.0,1.0295865795011512,10587.0,-12.0,-1.0011334655709834
2020-06-26,115.0,272364.0,3762.0,1.0140058525252977,103619.0,-148.0,8939.0,178.0,1.0203173153749572,0.032820049639453085,1604521.0,20916.0,1.0132078390760322,0.17986230636833048,159806.0,3732.0,1.0239117341773774,10964.0,377.0,1.0356097100217247
2020-06-27,116.0,275989.0,3625.0,1.0133093947805143,102830.0,-789.0,9135.0,196.0,1.0219263899765074,0.03309914525578918,1625135.0,20614.0,1.012847447929943,0.17585136315125643,164024.0,4218.0,1.0263945033352941,10762.0,-202.0,-1.0187697454004832
2020-06-28,117.0,279419.0,3430.0,1.0124280315519822,102104.0,-726.0,9317.0,182.0,1.0199233716475096,0.03334418919257459,1645112.0,19977.0,1.0122925172370296,0.17169745206988035,167998.0,3974.0,1.0242281617324294,10861.0,99.0,1.0091990336368706
2020-06-29,118.0,282365.0,2946.0,1.0105433059312359,101702.0,-402.0,9504.0,187.0,1.0200708382526564,0.03365856249889328,1661324.0,16212.0,1.0098546481941655,0.18171724648408585,171159.0,3161.0,1.018815700186907,11000.0,139.0,1.012798084890894
2020-06-30,119.0,285213.0,2848.0,1.0100862359003417,101001.0,-701.0,9677.0,173.0,1.018202861952862,0.033929028480468984,1679386.0,18062.0,1.0108720514481222,0.15767910530395304,174535.0,3376.0,1.0197243498735094,11049.0,49.0,1.0044545454545455
2020-07-01,120.0,288477.0,3264.0,1.0114440786359669,100372.0,-629.0,9860.0,183.0,1.0189108194688437,0.03417950131206301,1699369.0,19983.0,1.0118989916552836,0.16333883801231047,178245.0,3710.0,1.021256481508007,11108.0,59.0,1.0053398497601593
2020-07-02,121.0,292004.0,3527.0,1.0122262780048323,99862.0,-510.0,10045.0,185.0,1.018762677484787,0.0344002136957028,1720261.0,20892.0,1.0122939749989555,0.16882060118705725,182097.0,3852.0,1.021610704367584,11179.0,71.0,1.0063917897011163
2020-07-03,122.0,295599.0,3595.0,1.0123114751852715,99521.0,-341.0,10226.0,181.0,1.0180189148830263,0.03459416303844059,1740969.0,20708.0,1.0120377082314835,0.17360440409503575,185852.0,3755.0,1.0206208778837653,11131.0,-48.0,-1.0043122810169796
2020-07-04,123.0,299080.0,3481.0,1.011776088552397,99047.0,-474.0,10412.0,186.0,1.0181889301779776,0.034813427845392535,1761910.0,20941.0,1.012028358919659,0.16622892889546823,189621.0,3769.0,1.020279577298065,11273.0,142.0,1.0127571646752314
2020-07-05,124.0,302718.0,3638.0,1.0121639695064866,98172.0,-875.0,10589.0,177.0,1.016999615827891,0.034979750130484474,1782846.0,20936.0,1.0118825592680671,0.17376767290790981,193957.0,4336.0,1.0228666656119312,11302.0,29.0,1.0025725184068128
2020-07-06,125.0,305703.0,2985.0,1.0098606623986681,97312.0,-860.0,10772.0,183.0,1.0172820851827369,0.03523681481699558,1800690.0,17844.0,1.0100087164006313,0.16728312037659718,197619.0,3662.0,1.0188804735070145,11399.0,97.0,1.0085825517607503
2020-07-07,126.0,309278.0,3575.0,1.0116943569412142,97388.0,76.0,10952.0,180.0,1.0167099888600075,0.035411506799707705,1821328.0,20638.0,1.01146116211008,0.17322414962690183,200938.0,3319.0,1.0167949438060107,11646.0,247.0,1.0216685674181947
2020-07-08,127.0,312911.0,3633.0,1.0117467133129419,97030.0,-358.0,11133.0,181.0,1.016526661796932,0.035578806753357985,1842316.0,20988.0,1.0115234598051532,0.1730989136649514,204748.0,3810.0,1.0189610725696483,11626.0,-20.0,-1.0017202821262687
2020-07-09,128.0,316448.0,3537.0,1.011303533592619,97332.0,302.0,11314.0,181.0,1.0162579717955627,0.03575310951562342,1863278.0,20962.0,1.0113780697773889,0.16873389943707662,207802.0,3054.0,1.0149158966143748,11770.0,144.0,1.0123860313091346
2020-07-10,129.0,319646.0,3198.0,1.010105925776115,97508.0,176.0,11500.0,186.0,1.016439809086088,0.0359772998880011,1883326.0,20048.0,1.0107595323939853,0.1595171588188348,210638.0,2836.0,1.013647606856527,11894.0,124.0,1.01053525913339
2020-07-11,130.0,322710.0,3064.0,1.0095856040745075,96876.0,-632.0,11682.0,182.0,1.0158260869565217,0.03619968392674538,1904242.0,20916.0,1.0111058839521145,0.14649072480397782,214152.0,3514.0,1.0166826498542523,11932.0,38.0,1.0031948881789137
2020-07-12,131.0,326326.0,3616.0,1.0112051067521923,97345.0,469.0,11870.0,188.0,1.0160931347372026,0.036374668276508766,1925231.0,20989.0,1.011022233518639,0.17228071847158036,217111.0,2959.0,1.0138172886547872,11723.0,-209.0,-1.0178282009724473
2020-07-13,132.0,330123.0,3797.0,1.0116356036601435,97061.0,-284.0,12054.0,184.0,1.0155012636899747,0.0365136630892122,1943679.0,18448.0,1.0095822267561658,0.20582176929748483,221008.0,3897.0,1.017949343884004,11897.0,174.0,1.01484261707754
2020-07-14,133.0,333867.0,3744.0,1.011341227360711,98377.0,1316.0,12229.0,175.0,1.0145180023228804,0.03662835799884385,1963921.0,20242.0,1.01041427108077,0.1849619602806047,223261.0,2253.0,1.0101942011148917,11962.0,65.0,1.0054635622425823
2020-07-15,134.0,337724.0,3857.0,1.011552504440391,98907.0,530.0,12417.0,188.0,1.015373292992068,0.03676670891023439,1983932.0,20011.0,1.0101893100588057,0.19274399080505722,226400.0,3139.0,1.0140597775697502,12048.0,86.0,1.0071894332051496
2020-07-16,135.0,341586.0,3862.0,1.0114353732633747,97977.0,-930.0,12615.0,198.0,1.0159458806474995,0.036930670460733166,2003963.0,20031.0,1.0100966162146687,0.19280115820478258,230994.0,4594.0,1.020291519434629,12396.0,348.0,1.0288844621513944
2020-07-17,136.0,345537.0,3951.0,1.0115666332929336,98756.0,779.0,12799.0,184.0,1.0145858105430043,0.03704089576514237,2023996.0,20033.0,1.0099966915556824,0.19722457944391752,233982.0,2988.0,1.0129354009195044,12539.0,143.0,1.0115359793481769
2020-07-18,137.0,349500.0,3963.0,1.0114691046110835,98416.0,-340.0,12998.0,199.0,1.0155480896945075,0.03719027181688126,2042218.0,18222.0,1.0090029822193325,0.21748435956536055,238086.0,4104.0,1.0175398107546734,12210.0,-329.0,-1.0269451269451269
2020-07-19,138.0,353590.0,4090.0,1.0117024320457797,98448.0,32.0,13187.0,189.0,1.0145406985690106,0.037294606747928394,2063240.0,21022.0,1.010293710074047,0.19455808200932356,241955.0,3869.0,1.016250430516704,12309.0,99.0,1.008108108108108
2020-07-20,139.0,357681.0,4091.0,1.0115698973387257,99216.0,768.0,13384.0,197.0,1.0149389550314705,0.0374188173260531,2084311.0,21071.0,1.0102125782749463,0.1941531014190119,245081.0,3126.0,1.0129197578062037,12772.0,463.0,1.0376147534324478
2020-07-21,140.0,362087.0,4406.0,1.012318238877659,99762.0,546.0,13579.0,195.0,1.014569635385535,0.0375020368033097,2109202.0,24891.0,1.011942075822658,0.17701177132296814,248746.0,3665.0,1.0149542396187383,12747.0,-25.0,-1.0019612457833216
2020-07-22,141.0,366550.0,4463.0,1.0123257670117956,96849.0,-2913.0,17455.0,3876.0,1.2854407541056043,0.0476196971763743,2133775.0,24573.0,1.011650377725794,0.1816221055630163,252246.0,3500.0,1.014070578019345,12821.0,74.0,1.0058052875186319
2020-07-23,142.0,371096.0,4546.0,1.012402127949802,97497.0,648.0,17654.0,199.0,1.0114007447722715,0.047572595770366696,2158770.0,24995.0,1.0117139810898526,0.181876375275055,255945.0,3699.0,1.0146642563212103,12985.0,164.0,1.012791513922471
2020-07-24,143.0,375961.0,4865.0,1.0131098152499622,98695.0,1198.0,17843.0,189.0,1.0107057890563045,0.047459709916720084,2183763.0,24993.0,1.0115774260342696,0.19465450326091305,259423.0,3478.0,1.013588856980992,12920.0,-65.0,-1.005030959752322
2020-07-25,144.0,379884.0,3923.0,1.0104345929498006,98724.0,29.0,18030.0,187.0,1.0104803003979153,0.04746185677733203,2206105.0,22342.0,1.010230963708058,0.17558857756691434,263130.0,3707.0,1.014289403792262,13043.0,123.0,1.0095201238390092
2020-07-26,145.0,384797.0,4913.0,1.0129328953048826,98718.0,-6.0,18229.0,199.0,1.0110371602884083,0.04737303045501914,2230247.0,24142.0,1.0109432687927364,0.20350426642366,267850.0,4720.0,1.0179379014175503,13304.0,261.0,1.0200107337269033
2020-07-27,146.0,389717.0,4920.0,1.0127859624685223,98752.0,34.0,18418.0,189.0,1.0103680947940095,0.047259934773181564,2250256.0,20009.0,1.0089716520188123,0.24588934979259333,272547.0,4697.0,1.017535934291581,13450.0,146.0,1.0109741431148527
2020-07-28,147.0,395005.0,5288.0,1.0135688204517637,99941.0,1189.0,18612.0,194.0,1.0105331740688457,0.04711839090644422,2270717.0,20461.0,1.0090927432256596,0.2584428913542838,276452.0,3905.0,1.0143278040117851,13408.0,-42.0,-1.0031324582338903
2020-07-29,148.0,400683.0,5678.0,1.0143745015885874,101823.0,1882.0,18816.0,204.0,1.0109606705351386,0.04695981611398537,2293612.0,22895.0,1.0100827183660492,0.24800174710635509,280044.0,3592.0,1.0129932140118356,13491.0,83.0,1.0061903341288783
2020-07-30,149.0,407492.0,6809.0,1.0169934836267074,104556.0,2733.0,19021.0,205.0,1.0108949829931972,0.04667821699567108,2318254.0,24642.0,1.0107437526486607,0.2763168573979385,283915.0,3871.0,1.0138228278413393,13438.0,-53.0,-1.0039440392915613
2020-07-31,150.0,414735.0,7243.0,1.017774582077685,108391.0,3835.0,19217.0,196.0,1.0103044003995585,0.04633561189675335,2348396.0,30142.0,1.013002026525135,0.24029593258576074,287127.0,3212.0,1.011313245161404,13577.0,139.0,1.010343801160887
2020-08-01,151.0,422183.0,7448.0,1.017958455399231,111940.0,3549.0,19408.0,191.0,1.0099391164073477,0.0459705862149826,2377948.0,29552.0,1.0125839083357322,0.2520303194369247,290835.0,3708.0,1.012914146005078,13700.0,123.0,1.0090594387567209
2020-08-02,152.0,428850.0,6667.0,1.0157917301265091,115049.0,3109.0,19614.0,206.0,1.0106141797197032,0.04573627142357468,2404046.0,26098.0,1.0109750087049842,0.25546018852019314,294187.0,3352.0,1.0115254353843244,13743.0,43.0,1.003138686131387
2020-08-03,153.0,433100.0,4250.0,1.0099102250204035,115198.0,149.0,19811.0,197.0,1.0100438462322832,0.045742322789194184,2417857.0,13811.0,1.0057448983921273,0.3077257258706828,298091.0,3904.0,1.01327047082298,13772.0,29.0,1.0021101651749982
2020-08-04,154.0,439890.0,6790.0,1.0156776725929346,117426.0,2228.0,20007.0,196.0,1.0098934935137045,0.04548182500170497,2440184.0,22327.0,1.009234210294488,0.3041160926232812,302457.0,4366.0,1.0146465341120665,13798.0,26.0,1.001887888469358
2020-08-05,155.0,447624.0,7734.0,1.0175816681443088,120966.0,3540.0,20228.0,221.0,1.0110461338531513,0.04518971279466695,2466745.0,26561.0,1.0108848349140884,0.29117879597906704,306430.0,3973.0,1.0131357515283164,13751.0,-47.0,-1.0034179332412188
2020-08-06,156.0,455409.0,7785.0,1.0173918288563615,124648.0,3682.0,20424.0,196.0,1.0096895392525214,0.04484759853230832,2493429.0,26684.0,1.0108174943093022,0.2917478638884725,310337.0,3907.0,1.012750057109291,13659.0,-92.0,-1.0067354857603046
2020-08-07,157.0,463875.0,8466.0,1.0185898829403899,128894.0,4246.0,20649.0,225.0,1.0110164512338424,0.0445141471301536,2522993.0,29564.0,1.011856764319337,0.28636179136787987,314332.0,3995.0,1.012873102466029,13820.0,161.0,1.011787100080533
2020-08-08,158.0,471012.0,7137.0,1.015385610347615,130997.0,2103.0,20844.0,195.0,1.0094435565886968,0.04425364958854552,2548439.0,25446.0,1.010085640348586,0.2804763027587833,319171.0,4839.0,1.0153945509843096,13680.0,-140.0,-1.010233918128655
2020-08-09,159.0,478024.0,7012.0,1.0148870941716983,132912.0,1915.0,21072.0,228.0,1.0109383995394359,0.04408146871286797,2573691.0,25252.0,1.0099088108445993,0.2776809757642959,324040.0,4869.0,1.0152551453609506,13768.0,88.0,1.0064327485380118
2020-08-10,160.0,483133.0,5109.0,1.0106877478955032,132453.0,-459.0,21276.0,204.0,1.0096810933940774,0.04403756315548721,2590078.0,16387.0,1.0063671202176174,0.3117715262098005,329404.0,5364.0,1.0165535119121096,13808.0,40.0,1.0029052876234748
2020-08-11,161.0,489680.0,6547.0,1.0135511339527625,132423.0,-30.0,21501.0,225.0,1.010575296108291,0.0439082666231008,2612599.0,22521.0,1.0086951049350636,0.29070645175613874,335756.0,6352.0,1.019283311678061,13775.0,-33.0,-1.0023956442831217
2020-08-12,162.0,498555.0,8875.0,1.018124081032511,134904.0,2481.0,21713.0,212.0,1.009860006511325,0.04355186488953074,2643464.0,30865.0,1.0118139063821123,0.28754252389437873,341938.0,6182.0,1.0184121802737702,13823.0,48.0,1.0034845735027222
2020-08-13,163.0,507996.0,9441.0,1.0189367271414387,134342.0,-562.0,25648.0,3935.0,1.181227835858702,0.05048858652430334,2677014.0,33550.0,1.0126916803103807,0.2814008941877794,348006.0,6068.0,1.0177459071527586,13987.0,164.0,1.0118642841640744
2020-08-14,164.0,516296.0,8300.0,1.0163387113284357,136208.0,1866.0,25856.0,208.0,1.008109794135995,0.050079799184963664,2705122.0,28108.0,1.0104997583128068,0.2952895972676818,354232.0,6226.0,1.0178904961408712,14175.0,188.0,1.0134410524058053
2020-08-15,165.0,525803.0,9507.0,1.0184138556177076,139947.0,3739.0,26075.0,219.0,1.0084699876237624,0.049590816332352614,2738229.0,33107.0,1.012238634708527,0.2871598151448334,359781.0,5549.0,1.015664874997177,13947.0,-228.0,-1.0163476016347601
2020-08-16,166.0,535946.0,10143.0,1.0192904947290145,144298.0,4351.0,26281.0,206.0,1.0079002876318313,0.049036656678098166,2773412.0,35183.0,1.0128488157856774,0.2882926413324617,365367.0,5586.0,1.0155261117179617,14074.0,127.0,1.00910590091059
2020-08-17,167.0,541493.0,5547.0,1.0103499233131696,144295.0,-3.0,26481.0,200.0,1.007610060499981,0.04890367927193888,2793614.0,20202.0,1.0072841683817622,0.2745767745767746,370717.0,5350.0,1.0146428112007926,14181.0,107.0,1.0076026715930084
2020-08-18,168.0,549321.0,7828.0,1.014456327228607,148644.0,4349.0,26658.0,177.0,1.0066840376118726,0.048529002168131205,2818943.0,25329.0,1.009066750095038,0.30905286430573653,374019.0,3302.0,1.0089070638789157,14092.0,-89.0,-1.0063156400794777
2020-08-19,169.0,558420.0,9099.0,1.0165640854800746,154133.0,5489.0,26834.0,176.0,1.0066021456973517,0.04805343648150138,2852011.0,33068.0,1.011730638044118,0.2751602757953308,377453.0,3434.0,1.00918135174951,13888.0,-204.0,-1.014688940092166
2020-08-20,170.0,567059.0,8639.0,1.0154704344400272,159295.0,5162.0,27034.0,200.0,1.007453230975628,0.0476740515537184,2883862.0,31851.0,1.0111679092401817,0.27123167247496155,380730.0,3277.0,1.00868187562425,13779.0,-109.0,-1.0079105885768198
2020-08-21,171.0,576067.0,9008.0,1.0158854722348116,163914.0,4619.0,27245.0,211.0,1.0078049863135312,0.04729484591202065,2915372.0,31510.0,1.0109263203301684,0.2858774992066011,384908.0,4178.0,1.0109736558716151,13773.0,-6.0,-1.000435634937922
2020-08-22,172.0,585236.0,9169.0,1.0159165513733646,166639.0,2725.0,27453.0,208.0,1.0076344283354743,0.046909281042177856,2950589.0,35217.0,1.0120797620337987,0.26035721384558597,391144.0,6236.0,1.016201274070687,13661.0,-112.0,-1.0081985213381157
2020-08-23,173.0,594326.0,9090.0,1.0155321955587149,167306.0,667.0,27663.0,210.0,1.007649437219976,0.04654516208276266,2985782.0,35193.0,1.0119274490618653,0.25829000085244225,399357.0,8213.0,1.0209973820383287,13363.0,-298.0,-1.022300381650827
2020-08-24,174.0,600438.0,6112.0,1.0102839182536183,165324.0,-1982.0,27813.0,150.0,1.0054224053790262,0.04632118553455977,3006993.0,21211.0,1.0071040015647492,0.28815237376832775,407301.0,7944.0,1.0198919763519858,13367.0,4.0,1.0002993339818902
2020-08-25,175.0,607382.0,6944.0,1.0115648909629305,164804.0,-520.0,28001.0,188.0,1.0067594290439723,0.046101135693846704,3032744.0,25751.0,1.0085637046710785,0.2696594307017203,414577.0,7276.0,1.0178639384632004,12950.0,-417.0,-1.0322007722007722
2020-08-26,176.0,613378.0,5996.0,1.0098718763479984,163377.0,-1427.0,28124.0,123.0,1.004392700260705,0.045851008676542036,3055850.0,23106.0,1.0076188428696915,0.2594996970483857,421877.0,7300.0,1.017608309192261,13051.0,101.0,1.0077992277992278
2020-08-27,177.0,621997.0,8619.0,1.0140516940614108,164058.0,681.0,28277.0,153.0,1.0054401934290997,0.04546163405932826,3089459.0,33609.0,1.0109982492596168,0.2564491654021244,429662.0,7785.0,1.018453245851279,12871.0,-180.0,-1.0139849273560717
2020-08-28,178.0,629961.0,7964.0,1.0128039202761427,163473.0,-585.0,28471.0,194.0,1.0068606995084344,0.04519486126918968,3124076.0,34617.0,1.0112048743809192,0.23006037496027962,438017.0,8355.0,1.0194455176394468,12595.0,-276.0,-1.021913457721318
2020-08-29,179.0,639435.0,9474.0,1.015039026225433,164153.0,680.0,28607.0,136.0,1.0047767904183205,0.04473793270621721,3156679.0,32603.0,1.0104360457300015,0.2905867558200166,446675.0,8658.0,1.019766356100334,12537.0,-58.0,-1.0046263061338438
2020-08-30,180.0,647166.0,7731.0,1.0120903610218397,162921.0,-1232.0,28788.0,181.0,1.0063271227321984,0.04448317742279415,3191850.0,35171.0,1.0111417727301382,0.21981177674788888,455457.0,8782.0,1.0196608272233727,12364.0,-173.0,-1.0139922355224846
2020-08-31,181.0,652037.0,4871.0,1.0075266624019186,160764.0,-2157.0,28944.0,156.0,1.0054189245518965,0.04439011896564152,3215842.0,23992.0,1.0075166439525667,0.20302600866955653,462329.0,6872.0,1.0150881422395528,12374.0,10.0,1.000808799741184
2020-09-01,182.0,657129.0,5092.0,1.0078093727809925,156462.0,-4302.0,29068.0,124.0,1.0042841348811498,0.04423484582174885,3233034.0,17192.0,1.0053460337914613,0.29618427175430434,471599.0,9270.0,1.0200506565670766,12162.0,-212.0,-1.0174313435290248
2020-09-02,183.0,663437.0,6308.0,1.009599332855497,154001.0,-2461.0,29259.0,191.0,1.0065707995046098,0.04410215287962534,3256711.0,23677.0,1.0073234614915896,0.26641888752798076,480177.0,8578.0,1.018189181910903,11830.0,-332.0,-1.028064243448859
2020-09-03,184.0,670145.0,6708.0,1.0101109826554744,150854.0,-3147.0,29405.0,146.0,1.0049899176321815,0.04387856359444598,3286526.0,29815.0,1.0091549419030428,0.22498742243836994,489886.0,9709.0,1.0202196273457496,11699.0,-131.0,-1.0111975382511327
2020-09-04,185.0,676848.0,6703.0,1.010002312932276,148771.0,-2083.0,29554.0,149.0,1.005067165448053,0.0436641609342127,3320012.0,33486.0,1.0101888742094236,0.2001732067132533,498523.0,8637.0,1.0176306324328517,11411.0,-288.0,-1.025238804662168
2020-09-05,186.0,683702.0,6854.0,1.010126350377042,147593.0,-1178.0,29687.0,133.0,1.0045002368545712,0.043420964104244245,3353435.0,33423.0,1.0100671322874737,0.2050683660952039,506422.0,7899.0,1.0158448055556113,11362.0,-49.0,-1.0043126210174265
2020-09-06,187.0,689977.0,6275.0,1.0091779751997214,145100.0,-2493.0,29838.0,151.0,1.0050864014551824,0.04324491975819484,3379580.0,26145.0,1.0077964833074147,0.24000764964620386,515039.0,8617.0,1.0170154535150526,11327.0,-35.0,-1.0030899620376093
2020-09-07,188.0,691575.0,1598.0,1.0023160192296265,139348.0,-5752.0,29976.0,138.0,1.004624974864267,0.04334453963778332,3386625.0,7045.0,1.0020845785570989,0.22682753726046842,522251.0,7212.0,1.0140028230871836,11242.0,-85.0,-1.0075609322184664
2020-09-08,189.0,696190.0,4615.0,1.0066731735531216,136316.0,-3032.0,30123.0,147.0,1.0049039231385108,0.043268360648673496,3403397.0,16772.0,1.0049524231351272,0.275160982590031,529751.0,7500.0,1.014360910749812,11087.0,-155.0,-1.0139803373320104
2020-09-09,190.0,702776.0,6586.0,1.0094600611901923,135581.0,-735.0,30236.0,113.0,1.0037512863924576,0.04302366614682345,3428910.0,25513.0,1.007496333810014,0.25814290753733393,536959.0,7208.0,1.0136063924372016,10727.0,-360.0,-1.033560175258693
2020-09-10,191.0,710067.0,7291.0,1.0103745716985213,134978.0,-603.0,30344.0,108.0,1.0035719010451118,0.04273399552436601,3457205.0,28295.0,1.0082518934588542,0.2576780349885139,544745.0,7786.0,1.0145001759910905,10641.0,-86.0,-1.008081947185415
2020-09-11,192.0,716670.0,6603.0,1.0092991224771748,133788.0,-1190.0,30470.0,126.0,1.004152385974163,0.042516081320552,3482894.0,25689.0,1.0074305689133274,0.2570360854840593,552412.0,7667.0,1.0140744752131732,10490.0,-151.0,-1.0143946615824595
2020-09-12,193.0,722832.0,6162.0,1.0085980995437231,132918.0,-870.0,30593.0,123.0,1.0040367574663605,0.042323804148128474,3509997.0,27103.0,1.0077817470184278,0.22735490536103015,559321.0,6909.0,1.012506969435856,10251.0,-239.0,-1.0233147985562385
2020-09-13,194.0,729619.0,6787.0,1.0093894570245923,132113.0,-805.0,30710.0,117.0,1.0038244042754878,0.04209046091179095,3534937.0,24940.0,1.007105419178421,0.27213311948676827,566796.0,7475.0,1.0133644186433193,10122.0,-129.0,-1.0127445168938944
